time	pos	sp	vel	state
0.024107	0.0	0.0	0.0	ODriveAxisState.IDLE
0.054547	-0.00017601251602172852	0.0	0.00014174554962664843	ODriveAxisState.IDLE
0.089267	-0.00017601251602172852	0.0	0.00014174554962664843	ODriveAxisState.IDLE
0.118357	-0.00017601251602172852	0.0	0.00014174554962664843	1
0.120979	-0.00017601251602172852	0.0	0.00014174554962664843	1
0.133224	-0.00017601251602172852	0.0	0.00014174554962664843	1
0.161232	-0.00017601251602172852	0.0	0.00014174554962664843	1
0.1906	-0.00017601251602172852	0.0	0.00014174554962664843	1
0.220211	-0.00017601251602172852	0.0	0.00014174554962664843	1
0.245806	-0.00017601251602172852	0.0	0.00014174554962664843	1
0.288398	-0.00017601251602172852	0.0	0.00014174554962664843	1
0.330347	-0.00017601251602172852	0.0	0.00014174554962664843	1
0.333671	-0.00017601251602172852	0.0	0.00014174508396536112	1
0.358471	-0.00017601251602172852	0.0	0.00014174508396536112	1
0.383938	-0.00017601251602172852	0.0	0.00014174508396536112	1
0.420825	-0.00017601251602172852	0.0	0.00014174508396536112	1
0.462753	-0.00017601251602172852	0.0	0.00014174508396536112	1
0.468924	-0.00017601251602172852	0.0	0.00014174508396536112	1
0.509906	-0.00017601251602172852	0.0	0.00014174508396536112	1
0.514286	-0.00017601251602172852	0.0	0.00014174508396536112	1
0.527306	-0.00017601251602172852	0.0	0.00014174508396536112	1
0.543932	-0.00017601251602172852	0.0	0.00014174508396536112	1
0.557799	-0.00017601251602172852	0.0	0.00014174508396536112	1
0.577597	-0.00017601251602172852	0.0	0.00014174508396536112	1
0.603524	-0.00017601251602172852	0.0	0.00014174508396536112	1
0.623406	-0.00017601251602172852	0.0	0.00014174508396536112	1
0.657099	-0.00017601251602172852	0.0	0.00014174508396536112	1
0.670901	-0.00017601251602172852	0.0	0.00014174508396536112	1
0.685386	-0.00017601251602172852	0.0	0.00014174508396536112	1
0.704665	-0.00017601251602172852	0.0	0.00014174508396536112	1
0.734372	-0.00017601251602172852	0.0	0.00014174508396536112	1
0.750082	-0.00017601251602172852	0.0	0.00014174508396536112	1
0.752608	-0.00017601251602172852	0.0	0.00014174508396536112	1
0.783162	-0.00017601251602172852	0.0	0.00014174508396536112	1
0.792774	-0.00017601251602172852	0.0	0.00014174508396536112	1
0.810722	-0.00017601251602172852	0.0	0.00014174508396536112	1
0.828638	-0.00017601251602172852	0.0	0.00014174508396536112	1
0.846682	-0.00017601251602172852	0.0	0.00014174508396536112	1
0.849533	-0.00017601251602172852	0.0	0.00014174508396536112	1
0.868498	-0.00017601251602172852	0.0	0.00014174508396536112	1
0.903531	-0.00017601251602172852	0.0	0.00014174508396536112	1
0.911451	-0.00017583370208740234	0.0	0.0009166050003841519	1
0.930637	-0.00017601251602172852	0.0	0.00020134926307946444	1
0.949393	-0.00017601251602172852	0.0	0.00020134926307946444	1
0.951843	-0.00017601251602172852	0.0	0.00020134926307946444	1
0.970932	-0.00017601251602172852	0.0	0.00020134926307946444	1
1.001757	-0.00017601251602172852	0.0	0.00020134926307946444	1
1.013113	-0.00017601251602172852	0.0	0.00020134926307946444	1
1.029458	-0.00017601251602172852	0.0	0.00020134926307946444	1
1.048171	-0.00017601251602172852	0.0	0.00020134926307946444	1
1.050748	-0.00017601251602172852	0.0	0.00020134926307946444	1
1.069383	-0.00017601251602172852	0.0	0.00020134926307946444	1
1.095308	-0.0001856088638305664	0.0	-0.026233315467834473	1
1.115137	0.00013959407806396484	0.0	0.03761071711778641	1
1.12232	0.00013959407806396484	0.0	0.03761071711778641	1
1.142369	0.00013959407806396484	0.0	0.03761071711778641	8
1.144994	-2.4199485778808594e-05	0.0	-0.01771729625761509	8
1.162834	8.249282836914062e-05	0.0	-0.010259265080094337	8
1.182956	-1.8477439880371094e-06	0.0	-0.029682930558919907	8
1.216813	-0.00010889768600463867	0.0	0.023104431107640266	8
1.232488	-0.00010889768600463867	0.0	0.023104431107640266	8
1.248707	-0.00010889768600463867	0.0	0.023104431107640266	8
1.251326	-0.0001341104507446289	0.0	0.03293919935822487	8
1.279294	-0.0001887679100036621	0.0	-0.02250802330672741	8
1.307604	-0.00017118453979492188	0.0	0.03241020813584328	8
1.343786	-0.00017118453979492188	0.0	0.03241020813584328	8
1.346354	-0.00024199485778808594	0.0	-0.008739352226257324	8
1.361435	-0.00035303831100463867	0.0	-0.05156528949737549	8
1.390365	-0.00035303831100463867	0.0	-0.05156528949737549	8
1.393005	-0.00013649463653564453	0.0	0.02691911906003952	8
1.411591	-0.00012254714965820312	0.0	0.03051774576306343	8
1.431447	-0.0002918243408203125	0.0	-0.015251174569129944	8
1.451511	-0.0002918243408203125	0.0	-0.015251174569129944	8
1.45755	-0.0002257227897644043	0.0	0.03638135641813278	8
1.482564	-0.0002257227897644043	0.0	0.03638135641813278	1
1.486739	-0.0002518892288208008	0.0	-0.007442964240908623	1
1.559388	-0.0002518892288208008	0.0	-0.007442964240908623	1
1.563498	-0.0002518892288208008	0.0	-0.007442964240908623	1
1.590911	-0.0002988576889038086	0.0	-0.0028534007724374533	1
1.609795	-0.000296175479888916	0.0	-0.0020785408560186625	1
1.629825	-0.0002918243408203125	0.0	-0.0010652594501152635	1
1.644605	-0.0002982616424560547	0.0	-0.003397291759029031	1
1.667585	-0.0002982616424560547	0.0	-0.003397291759029031	1
1.67039	-0.0002903938293457031	0.0	-0.0007076318142935634	1
1.702609	-0.00028401613235473633	0.0	0.0054316469468176365	1
1.721002	-0.00029855966567993164	0.0	-0.003158872714266181	1
1.738198	-0.00029855966567993164	0.0	-0.003158872714266181	1
1.740772	-0.0002701878547668457	0.0	0.011526224203407764	1
1.75414	-0.00029581785202026367	0.0	-0.002115788171067834	1
1.775877	-0.00029581785202026367	0.0	-0.002115788171067834	1
1.783167	-0.00029665231704711914	0.0	-0.0035164968576282263	1
1.803459	-0.0002796053886413574	0.0	0.002861200598999858	1
1.832173	-0.0002982616424560547	0.0	-0.00423175236210227	1
1.856598	-0.0002982616424560547	0.0	-0.00423175236210227	1
1.859146	-0.0002714395523071289	0.0	0.011980712413787842	1
1.871431	-0.0002993345260620117	0.0	-0.0021381364203989506	1
1.883719	-0.0002993345260620117	0.0	-0.0021381364203989506	1
1.897244	-0.0002811551094055176	0.0	0.000938954995945096	1
1.916497	-0.00028336048126220703	0.0	0.005535962991416454	1
1.936656	-0.00029838085174560547	0.0	-0.002823587041348219	1
1.95447	-0.00029838085174560547	0.0	-0.002823587041348219	1
1.986209	-0.000283658504486084	0.0	0.006228873040527105	1
1.991496	-0.000283658504486084	0.0	0.006228873040527105	1
2.02412	-0.00027382373809814453	0.0	0.007845650427043438	1
2.037519	-0.00027382373809814453	0.0	0.007845650427043438	1
2.04002	-0.0002925395965576172	0.0	-0.0009460342116653919	1
2.058935	-0.0002753138542175293	0.0	0.005573223810642958	1
2.071827	-0.000298917293548584	0.0	-0.001914608059450984	1
2.091661	-0.00028377771377563477	0.0	0.005521072540432215	1
2.099241	-0.00028377771377563477	0.0	0.005521072540432215	1
2.118757	-0.00029534101486206055	0.0	-0.0013781639281660318	1
2.137932	-0.00029534101486206055	0.0	-0.0013781639281660318	1
2.140572	-0.00028705596923828125	0.0	0.0024439850822091103	1
2.159151	-0.0002988576889038086	0.0	-0.0011620954610407352	1
2.192731	-0.00028592348098754883	0.0	0.004165069665759802	1
2.206602	-0.00028592348098754883	0.0	0.004165069665759802	1
2.219941	-0.00029850006103515625	0.0	-0.0023616384714841843	1
2.238256	-0.00029850006103515625	0.0	-0.0023616384714841843	1
2.2408	-0.0002989768981933594	0.0	-0.0026820108760148287	1
2.259438	-0.00029903650283813477	0.0	-0.0017581370193511248	1
2.279028	-0.00029540061950683594	0.0	-0.0012962000910192728	1
2.295025	-0.0002880692481994629	0.0	-0.001460113562643528	1
2.316386	-0.0002880692481994629	0.0	-0.001460113562643528	1
2.324746	-0.0002987384796142578	0.0	-0.0026447554118931293	1
2.343005	-0.0002987384796142578	0.0	-0.0026447554118931293	1
2.345549	-0.00029855966567993164	0.0	-0.0005213383119553328	1
2.363987	-0.0002989768981933594	0.0	-0.0033004048746079206	1
2.38459	-0.0002974271774291992	0.0	-0.0036282299552112818	1
2.418505	-0.0002837181091308594	0.0	0.006228889338672161	1
2.425491	-0.0002837181091308594	0.0	0.006228889338672161	1
2.446232	-0.0002837181091308594	0.0	0.006228889338672161	1
2.449082	-0.00029921531677246094	0.0	-0.002845918294042349	1
2.468471	-0.00029081106185913086	0.0	-0.0009236694895662367	1
2.485192	-0.0002841949462890625	0.0	0.0028984793461859226	1
2.515909	-0.00020432472229003906	0.0	0.023782460018992424	1
2.535537	-0.00020432472229003906	0.0	0.023782460018992424	1
2.54542	-0.00020432472229003906	0.0	0.023782460018992424	8
2.548068	-0.00029152631759643555	0.0	-0.009901616722345352	8
2.567406	-1.0192394256591797e-05	0.0	0.020325392484664917	8
2.587566	-0.0002346634864807129	0.0	-0.03297606483101845	8
2.608518	-0.00016796588897705078	0.0	0.04146268591284752	8
2.637917	-0.00016796588897705078	0.0	0.04146268591284752	8
2.645885	-0.00016796588897705078	0.0	0.04146268591284752	8
2.670898	-0.00022047758102416992	0.0	0.010498072020709515	8
2.693624	-0.00016045570373535156	0.0	0.00818093866109848	8
2.713557	-0.00011879205703735352	0.0	-0.01597384363412857	8
2.740949	-0.00011879205703735352	0.0	-0.01597384363412857	8
2.743527	-0.00029987096786499023	0.0	-0.022463299334049225	8
2.755168	-0.00029987096786499023	0.0	-0.022463299334049225	8
2.773214	-0.00012177228927612305	0.0	0.02499690279364586	8
2.79322	-0.00027865171432495117	0.0	-0.04398801922798157	8
2.811057	-0.00024259090423583984	0.0	0.004142732825130224	8
2.831472	-0.0001538991928100586	0.0	0.02821556106209755	8
2.864358	-0.0001538991928100586	49.99995831772685	0.02821556106209755	8
2.885243	-0.0001735687255859375	49.99995831772685	0.003732942044734955	8
2.906439	-0.00020366907119750977	49.99995831772685	0.013008915819227695	8
2.927078	-0.000277101993560791	49.99995831772685	0.0012593499850481749	8
2.955953	-0.00016224384307861328	49.99995831772685	-0.004417989868670702	8
2.973383	-0.00016224384307861328	49.99992602691054	-0.004417989868670702	8
2.983768	-0.00023764371871948242	49.99992602691054	-0.0009236689656972885	8
3.003286	-0.00030434131622314453	49.99992602691054	-0.011995233595371246	8
3.025862	-0.00028270483016967773	49.99992602691054	-0.03117302618920803	8
3.044243	-0.00028270483016967773	49.99992602691054	-0.03117302618920803	8
3.046754	-0.00036066770553588867	49.99992602691054	-0.005863402504473925	8
3.058275	0.14562612771987915	49.99992602691054	28.764467239379883	8
3.082716	0.14562612771987915	13.162224740339603	28.764467239379883	8
3.086214	1.2004107236862183	13.162224740339603	55.19098663330078	8
3.105128	2.288177013397217	13.162224740339603	54.1017951965332	8
3.125014	3.3774099349975586	13.162224740339603	53.89402770996094	8
3.143961	3.3774099349975586	13.162224740339603	53.89402770996094	8
3.146518	4.462125778198242	13.162224740339603	54.126773834228516	8
3.176602	6.638238430023193	13.162224740339603	54.352508544921875	8
3.191682	6.638238430023193	13.162224740339603	54.352508544921875	8
3.205043	7.724662780761719	13.162224740339603	54.11880111694336	8
3.222858	8.808150291442871	13.162224740339603	54.38151931762695	8
3.241154	8.808150291442871	13.162224740339603	54.38151931762695	8
3.243732	9.894369125366211	13.162224740339603	54.23191833496094	8
3.262605	10.97934627532959	13.162224740339603	54.205604553222656	8
3.273716	12.062652587890625	13.162224740339603	54.2753791809082	8
3.293545	13.042354583740234	13.162224740339603	39.10344696044922	8
3.300663	13.042354583740234	13.162224740339603	39.10344696044922	8
3.321781	13.535792350769043	13.162224740339603	17.22637176513672	8
3.340911	13.535792350769043	13.162224740339603	17.22637176513672	8
3.343483	13.721786499023438	13.162224740339603	5.737886905670166	8
3.361867	13.748628616333008	13.162224740339603	-0.3876801133155823	8
3.375387	13.71163558959961	13.162224740339603	-2.907829999923706	8
3.39375	13.643448829650879	13.162224740339603	-3.535407066345215	8
3.409772	13.643448829650879	13.162224740339603	-3.535407066345215	8
3.422563	13.5678129196167	13.162224740339603	-3.8734750747680664	8
3.440937	13.5678129196167	13.162224740339603	-3.8734750747680664	8
3.443503	13.495229721069336	13.162224740339603	-3.3694069385528564	8
3.462204	13.432119369506836	13.162224740339603	-2.9297170639038086	8
3.481769	13.379881858825684	13.162224740339603	-2.4990673065185547	8
3.493764	13.337738037109375	13.162224740339603	-2.0275113582611084	8
3.519201	13.337738037109375	13.162224740339603	-2.0275113582611084	8
3.521905	13.305134773254395	13.162224740339603	-1.497246503829956	8
3.541758	13.305134773254395	13.162224740339603	-1.497246503829956	8
3.544514	13.280098915100098	13.162224740339603	-1.2745580673217773	8
3.563031	13.261344909667969	13.162224740339603	-0.8261978030204773	8
3.583452	13.245545387268066	13.162224740339603	-0.6221636533737183	8
3.614408	13.222290992736816	13.162224740339603	-0.4693000912666321	8
3.629099	13.222290992736816	13.162224740339603	-0.4693000912666321	8
3.642464	13.222290992736816	13.162224740339603	-0.4693000912666321	8
3.665639	13.208724975585938	13.162224740339603	-0.2568393349647522	8
3.685994	13.204719543457031	13.162224740339603	-0.20084822177886963	8
3.705953	13.201033592224121	13.162224740339603	-0.1775726079940796	8
3.71772	13.197843551635742	13.162224740339603	-0.16492152214050293	8
3.737424	13.197843551635742	13.162224740339603	-0.16492152214050293	8
3.743284	13.197843551635742	13.162224740339603	-0.16492152214050293	8
3.745884	13.19530200958252	13.162224740339603	-0.14490926265716553	8
3.764543	13.192913055419922	13.162224740339603	-0.12258732318878174	8
3.784869	13.19105052947998	13.162224740339603	-0.06756478548049927	8
3.804865	13.189275741577148	13.162224740339603	-0.08668297529220581	8
3.834054	13.189275741577148	13.162224740339603	-0.08668297529220581	8
3.836678	13.186695098876953	13.162224740339603	-0.083926260471344	8
3.84635	13.186695098876953	13.162224740339603	-0.083926260471344	8
3.861824	13.185784339904785	13.162224740339603	-0.009830236434936523	8
3.880952	13.184477806091309	13.162224740339603	-0.07350289821624756	8
3.901516	13.183467864990234	13.162224740339603	-0.06494218111038208	8
3.932049	13.183467864990234	13.162224740339603	-0.06494218111038208	8
3.93467	13.181437492370605	13.162224740339603	-0.06428653001785278	8
3.955527	13.181437492370605	13.162224740339603	-0.06428653001785278	8
3.961399	13.180519104003906	13.162224740339603	-0.042627692222595215	8
3.981659	13.179469108581543	13.162224740339603	-0.05599403381347656	8
4.001095	13.178728103637695	13.162224740339603	-0.004644630942493677	8
4.021068	13.177825927734375	13.162224740339603	-0.04697883874177933	8
4.033174	13.177825927734375	13.162224740339603	-0.04697883874177933	8
4.052747	13.175935745239258	13.162224740339603	-0.05506271868944168	8
4.06435	13.175935745239258	13.162224740339603	-0.05506271868944168	8
4.080715	13.174797058105469	13.162224740339603	-0.09414846450090408	8
4.100611	13.173946380615234	13.162224740339603	-0.02911979705095291	8
4.120968	13.173144340515137	13.162224740339603	-0.02756262570619583	8
4.162687	13.17186450958252	13.162224740339603	-0.05454862862825394	8
4.174178	13.17186450958252	13.162224740339603	-0.05454862862825394	8
4.197322	13.171314239501953	13.162224740339603	-0.03242040425539017	8
4.225098	13.170790672302246	13.162224740339603	-0.05355025827884674	8
4.249993	13.170286178588867	13.162224740339603	-0.008884034119546413	8
4.270069	13.170286178588867	13.162224740339603	-0.008884034119546413	8
4.272642	13.169800758361816	13.162224740339603	0.0309467650949955	8
4.284209	13.169800758361816	13.162224740339603	0.0309467650949955	8
4.292264	13.168976783752441	13.162224740339603	-0.00048723703366704285	8
4.31242	13.168375015258789	13.162224740339603	-0.06050167232751846	8
4.333033	13.168065071105957	13.162224740339603	-0.07015763223171234	8
4.365286	13.168065071105957	13.162224740339603	-0.07015763223171234	8
4.367333	13.167391777038574	13.162224740339603	-0.0206783227622509	8
4.3939	13.167391777038574	13.162224740339603	-0.0206783227622509	8
4.44598	13.167391777038574	13.162224740339603	-0.0206783227622509	8
4.448607	13.165464401245117	13.162224740339603	-0.04138350486755371	8
4.467373	13.16522216796875	13.162224740339603	-0.13560354709625244	8
4.478984	13.165090560913086	13.162224740339603	-0.1530379056930542	8
4.503178	13.165090560913086	13.162224740339603	-0.1530379056930542	8
4.506109	13.165318489074707	13.162224740339603	0.04183205962181091	8
4.52746	13.165117263793945	13.162224740339603	0.14530573785305023	8
4.546077	13.165117263793945	13.162224740339603	0.14530573785305023	8
4.548733	13.164281845092773	13.162224740339603	0.042353592813014984	8
4.567458	13.163816452026367	13.162224740339603	-0.11968909204006195	8
4.596613	13.16436767578125	13.162224740339603	0.14012756943702698	8
4.612278	13.16436767578125	-36.83594608306885	0.14012756943702698	8
4.625774	13.163871765136719	-36.83594608306885	0.1199364885687828	8
4.645714	13.163871765136719	-36.83594608306885	0.1199364885687828	8
4.648414	13.163246154785156	-36.83594608306885	-0.16083121299743652	8
4.667659	13.163473129272461	-36.83594608306885	-0.15173405408859253	8
4.688566	13.16376781463623	-36.83594608306885	0.10396988689899445	8
4.698385	13.163541793823242	-36.83594608306885	0.14966431260108948	8
4.722316	13.163541793823242	-36.83643436431885	0.14966431260108948	8
4.72731	13.163046836853027	-36.83643436431885	-0.005754827056080103	8
4.750868	13.163046836853027	-36.83643436431885	-0.005754827056080103	8
4.772047	13.16316032409668	-36.83643436431885	-0.06894320994615555	8
4.791615	13.16337776184082	-36.83643436431885	0.14632642269134521	8
4.832316	13.16337776184082	12.87848949432373	0.14632642269134521	8
4.835676	12.361433029174805	12.87848949432373	-56.2033805847168	8
4.854708	12.361433029174805	12.87848949432373	-56.2033805847168	8
4.857412	11.238537788391113	12.87848949432373	-56.03350067138672	8
4.875459	10.124554634094238	12.87848949432373	-54.9864616394043	8
4.894704	9.021361351013184	12.87848949432373	-55.61167526245117	8
4.91443	7.917827129364014	12.87848949432373	-55.448524475097656	8
4.924312	6.808876037597656	12.87848949432373	-55.39850616455078	8
4.941207	6.808876037597656	12.87848949432373	-55.39850616455078	8
4.945861	6.808876037597656	12.87848949432373	-55.39850616455078	8
4.948554	5.699591159820557	12.87848949432373	-55.521697998046875	8
4.967205	4.5930280685424805	12.87848949432373	-55.3363151550293	8
4.988445	3.487699270248413	12.87848949432373	-55.20393371582031	8
5.005173	2.383476734161377	12.87848949432373	-55.094295501708984	8
5.034283	2.383476734161377	12.87848949432373	-55.094295501708984	1
5.03689	0.40777796506881714	12.87848949432373	-35.22791290283203	1
5.050405	0.40777796506881714	12.87848949432373	-35.22791290283203	1
5.064052	-0.17329338192939758	12.87848949432373	-24.828405380249023	1
5.083627	-0.5369401574134827	12.87848949432373	-14.395130157470703	1
5.103594	-0.7187262177467346	12.87848949432373	-5.942688465118408	1
5.123748	-0.7443241477012634	12.87848949432373	0.7117114663124084	1
5.134091	-0.7443241477012634	12.87848949432373	0.7117114663124084	8
5.136702	-0.46587297320365906	12.87848949432373	41.1926383972168	8
5.160161	-0.46587297320365906	12.87848949432373	41.1926383972168	8
5.164884	0.6259181499481201	12.87848949432373	54.45339584350586	8
5.183886	1.718798279762268	12.87848949432373	54.35665512084961	8
5.202824	2.8092641830444336	12.87848949432373	54.33460998535156	8
5.222864	3.896604061126709	12.87848949432373	54.66074752807617	8
5.236258	4.983645915985107	12.87848949432373	54.68042755126953	8
5.257138	6.072576522827148	12.87848949432373	54.5463981628418	8
5.271178	6.072576522827148	12.87848949432373	54.5463981628418	8
5.29195	7.15966272354126	12.87848949432373	54.33305740356445	8
5.312543	8.243546485900879	12.87848949432373	54.250606536865234	8
5.332074	9.330909729003906	12.87848949432373	54.178470611572266	8
5.351173	9.330909729003906	12.87848949432373	54.178470611572266	8
5.363116	10.96337890625	12.87848949432373	31.247264862060547	8
5.381471	10.96337890625	12.87848949432373	31.247264862060547	8
5.391045	11.491541862487793	12.87848949432373	23.461288452148438	8
5.411131	11.882989883422852	12.87848949432373	17.357158660888672	8
5.431254	12.169858932495117	12.87848949432373	12.60779857635498	8
5.448964	12.169858932495117	12.87848949432373	12.60779857635498	8
5.450249	12.379303932189941	12.87848949432373	9.13082218170166	8
5.473276	12.640362739562988	12.87848949432373	5.28622579574585	8
5.490417	12.640362739562988	12.87848949432373	5.28622579574585	8
5.501358	12.717694282531738	12.87848949432373	3.542201280593872	8
5.52166	12.772795677185059	12.87848949432373	2.376591205596924	8
5.540677	12.772795677185059	12.87848949432373	2.376591205596924	8
5.543233	12.811424255371094	12.87848949432373	1.690403699874878	8
5.562259	12.838885307312012	12.87848949432373	1.1095774173736572	8
5.573624	12.857364654541016	12.87848949432373	0.7592722177505493	8
5.599498	12.857364654541016	12.87848949432373	0.7592722177505493	8
5.602173	12.869704246520996	12.87848949432373	0.5206848382949829	8
5.62253	12.878189086914062	12.87848949432373	0.31976139545440674	8
5.641729	12.878189086914062	12.87848949432373	0.31976139545440674	8
5.644372	12.883343696594238	12.87848949432373	0.21149328351020813	8
5.662969	12.886186599731445	12.87848949432373	0.12098735570907593	8
5.694607	12.888867378234863	12.87848949432373	0.056483954191207886	8
5.708937	12.888867378234863	12.87848949432373	0.056483954191207886	8
5.725649	12.889469146728516	12.87848949432373	0.013758599758148193	8
5.74362	12.889469146728516	12.87848949432373	0.013758599758148193	8
5.746174	12.889725685119629	12.87848949432373	0.001707283896394074	8
5.765381	12.88983154296875	12.87848949432373	-0.01180434599518776	8
5.784141	12.889871597290039	12.87848949432373	-0.0075537897646427155	8
5.796418	12.88988971710205	12.87848949432373	-0.03769511356949806	8
5.817481	12.88988971710205	-37.113993644714355	-0.03769511356949806	8
5.824018	12.88996696472168	-37.113993644714355	-0.049884259700775146	8
5.842431	12.88996696472168	-37.113993644714355	-0.049884259700775146	8
5.845064	12.889979362487793	-37.113993644714355	-0.0478055477142334	8
5.864478	12.890151023864746	-37.113993644714355	0.0005151996156200767	8
5.884091	12.890264511108398	-37.113993644714355	0.0532839372754097	8
5.913188	12.889723777770996	-37.113993644714355	-0.026463359594345093	8
5.926837	12.889723777770996	-37.11382555961609	-0.026463359594345093	8
5.940166	12.889723777770996	-37.11382555961609	-0.026463359594345093	8
5.942712	12.889641761779785	-37.11382555961609	-0.08061417192220688	8
5.961662	12.88985538482666	-37.11382555961609	0.037127360701560974	8
5.981793	12.889337539672852	-37.11382555961609	-0.026426099240779877	8
6.014103	12.367867469787598	-37.11382555961609	-54.500038146972656	8
6.03557	12.367867469787598	-4.705596690276028	-54.500038146972656	8
6.042692	12.367867469787598	-4.705596690276028	-54.500038146972656	8
6.045317	11.241596221923828	-4.705596690276028	-56.172115325927734	8
6.064676	10.123329162597656	-4.705596690276028	-55.96137237548828	8
6.084405	9.020450592041016	-4.705596690276028	-55.629241943359375	8
6.104577	7.914211750030518	-4.705596690276028	-55.38428497314453	8
6.134307	7.914211750030518	-4.705596690276028	-55.38428497314453	8
6.136942	5.694000720977783	-4.705596690276028	-55.587013244628906	8
6.144156	5.694000720977783	-4.705596690276028	-55.587013244628906	8
6.164121	4.586806774139404	-4.705596690276028	-55.458221435546875	8
6.183966	3.480825901031494	-4.705596690276028	-55.20424270629883	8
6.204241	2.375105142593384	-4.705596690276028	-55.137638092041016	8
6.232123	2.375105142593384	-4.705596690276028	-55.137638092041016	8
6.23469	0.16543275117874146	-4.705596690276028	-55.09653091430664	8
6.252832	0.16543275117874146	-4.705596690276028	-55.09653091430664	8
6.261433	-0.937013566493988	-4.705596690276028	-55.12943649291992	8
6.281358	-1.994291067123413	-4.705596690276028	-47.75562286376953	8
6.301352	-2.7923030853271484	-4.705596690276028	-34.630558013916016	8
6.32164	-3.368727445602417	-4.705596690276028	-25.242929458618164	8
6.332624	-3.368727445602417	-4.705596690276028	-25.242929458618164	8
6.335222	-3.7799177169799805	-4.705596690276028	-17.68911361694336	8
6.353446	-4.071129322052002	-4.705596690276028	-12.297523498535156	8
6.361926	-4.071129322052002	-4.705596690276028	-12.297523498535156	8
6.380878	-4.278805732727051	-4.705596690276028	-8.918699264526367	8
6.406429	-4.426232814788818	-4.705596690276028	-6.246225357055664	8
6.43596	-4.528666973114014	-4.705596690276028	-4.164741516113281	8
6.472693	-4.528666973114014	-4.705596690276028	-4.164741516113281	8
6.489066	-4.649829387664795	-4.705596690276028	-2.0165393352508545	8
6.517349	-4.683157920837402	-4.705596690276028	-1.241716980934143	8
6.550194	-4.70534086227417	-4.705596690276028	-0.8521121740341187	8
6.572391	-4.720242500305176	-4.705596690276028	-0.6454852223396301	8
6.582471	-4.720242500305176	-4.705596690276028	-0.6454852223396301	8
6.602819	-4.720242500305176	-4.705596690276028	-0.6454852223396301	8
6.605565	-4.730053901672363	-4.705596690276028	-0.4307669401168823	8
6.616308	-4.73513650894165	-4.705596690276028	-0.21367192268371582	8
6.638144	-4.738623142242432	-4.705596690276028	-0.18075525760650635	8
6.659851	-4.740424156188965	-4.705596690276028	-0.050370097160339355	8
6.692883	-4.740424156188965	45.306193709373474	-0.050370097160339355	8
6.699377	-4.740424156188965	45.306193709373474	-0.050370097160339355	8
6.7366	-4.740715503692627	45.306193709373474	0.0757533386349678	8
6.762505	-4.740715503692627	45.306193709373474	0.0757533386349678	8
6.784429	-4.739814758300781	45.306193709373474	-0.003952973987907171	8
6.795429	-4.739074230194092	45.306193709373474	0.061828210949897766	8
6.80283	-4.739074230194092	-4.698924899101257	0.061828210949897766	8
6.82108	-4.73812198638916	-4.698924899101257	0.02908290922641754	8
6.854705	-4.73812198638916	-4.698924899101257	0.02908290922641754	8
6.873513	-4.735445022583008	-4.698924899101257	0.008213832974433899	8
6.904578	-3.98884916305542	-4.698924899101257	55.90889358520508	8
6.912342	-3.98884916305542	-4.698924899101257	55.90889358520508	8
6.932384	-2.861896276473999	-4.698924899101257	56.07676696777344	8
6.950818	-2.861896276473999	-4.698924899101257	56.07676696777344	8
6.953342	-1.7429381608963013	-4.698924899101257	55.963645935058594	8
6.971969	-0.6954766511917114	-4.698924899101257	54.572452545166016	8
6.989239	0.4023417830467224	-4.698924899101257	54.37929916381836	8
7.001435	1.4641189575195312	-4.698924899101257	45.42192459106445	8
7.021316	1.4641189575195312	-4.698924899101257	45.42192459106445	8
7.028467	2.163372755050659	-4.698924899101257	26.569231033325195	8
7.047283	2.163372755050659	-4.698924899101257	26.569231033325195	1
7.065868	2.6535468101501465	-4.698924899101257	2.0405197143554688	1
7.08257	2.649723529815674	-4.698924899101257	0.2315596491098404	1
7.112823	2.1742122173309326	-4.698924899101257	-36.873558044433594	1
7.130325	2.1742122173309326	-4.698924899101257	-36.873558044433594	1
7.139864	2.1742122173309326	-4.698924899101257	-36.873558044433594	8
7.142448	1.214125156402588	-4.698924899101257	-51.89268493652344	8
7.160821	0.14445990324020386	-4.698924899101257	-53.68228530883789	8
7.180523	-0.8582778573036194	-4.698924899101257	-48.636817932128906	8
7.200461	-1.7216174602508545	-4.698924899101257	-40.44607162475586	8
7.212605	-2.4306535720825195	-4.698924899101257	-32.70199203491211	8
7.231319	-2.4306535720825195	-4.698924899101257	-32.70199203491211	8
7.239154	-2.4306535720825195	-4.698924899101257	-32.70199203491211	8
7.241851	-2.9948983192443848	-4.698924899101257	-25.5786075592041	8
7.260626	-3.431920289993286	-4.698924899101257	-19.496578216552734	8
7.280439	-3.762805223464966	-4.698924899101257	-14.384171485900879	8
7.300967	-4.012951374053955	-4.698924899101257	-10.751236915588379	8
7.314	-4.198573112487793	-4.698924899101257	-7.911263942718506	8
7.334311	-4.198573112487793	-4.698924899101257	-7.911263942718506	8
7.336998	-4.336747646331787	-4.698924899101257	-6.55905818939209	8
7.348222	-4.336747646331787	46.08886808156967	-6.55905818939209	8
7.364498	-4.436366558074951	46.08886808156967	-4.807309150695801	8
7.383619	-4.509523868560791	46.08886808156967	-3.411027193069458	8
7.405058	-4.561655521392822	46.08886808156967	-2.3078629970550537	8
7.425171	-4.5994648933410645	46.08886808156967	-1.6551425457000732	8
7.435672	-4.5994648933410645	46.08886808156967	-1.6551425457000732	8
7.438295	-4.627871513366699	46.08886808156967	-1.3085135221481323	8
7.457176	-4.627871513366699	45.401912450790405	-1.3085135221481323	8
7.465653	-4.648028373718262	45.401912450790405	-0.8729830980300903	8
7.485458	-4.6622209548950195	45.401912450790405	-0.6457776427268982	8
7.505686	-4.672135829925537	45.401912450790405	-0.45809751749038696	8
7.522921	-4.678203582763672	45.401912450790405	-0.2758190631866455	8
7.53525	-4.678203582763672	45.401912450790405	-0.2758190631866455	8
7.556484	-3.677757978439331	45.401912450790405	56.355186462402344	8
7.567239	-3.677757978439331	46.03752464056015	56.355186462402344	8
7.585796	-2.55497145652771	46.03752464056015	55.83906173706055	8
7.605154	-1.4378588199615479	46.03752464056015	55.235591888427734	8
7.625203	-0.3882363438606262	46.03752464056015	55.89134979248047	8
7.656766	1.8083209991455078	46.03752464056015	55.346466064453125	8
7.676139	1.8083209991455078	52.01165950298309	55.346466064453125	8
7.684534	2.8826894760131836	52.01165950298309	53.8746337890625	8
7.704588	3.9692089557647705	52.01165950298309	54.777687072753906	8
7.724783	5.058526039123535	52.01165950298309	54.49201202392578	8
7.741796	5.058526039123535	52.01165950298309	54.49201202392578	8
7.744393	6.140292644500732	52.01165950298309	54.18429183959961	8
7.773052	8.31806468963623	52.01165950298309	54.3414306640625	8
7.785513	8.31806468963623	57.40062618255615	54.3414306640625	8
7.801876	9.40066146850586	57.40062618255615	54.025840759277344	8
7.822546	10.482399940490723	57.40062618255615	54.15150833129883	8
7.841732	10.482399940490723	57.40062618255615	54.15150833129883	8
7.844477	11.566109657287598	57.40062618255615	54.32874298095703	8
7.874844	13.736509323120117	57.40062618255615	54.178958892822266	8
7.894948	13.736509323120117	63.31855368614197	54.178958892822266	8
7.90291	14.822975158691406	63.31855368614197	54.33767318725586	8
7.923173	15.909111022949219	63.31855368614197	54.297325134277344	8
7.942083	15.909111022949219	63.31855368614197	54.297325134277344	8
7.944704	16.994539260864258	63.31855368614197	54.084564208984375	8
7.962989	18.07921028137207	63.31855368614197	54.19169616699219	8
7.974967	19.168291091918945	63.31855368614197	54.30430603027344	8
7.993788	20.252901077270508	63.31855368614197	54.15330505371094	8
8.004142	20.252901077270508	69.24545669555664	54.15330505371094	8
8.021536	21.337261199951172	69.24545669555664	54.01375198364258	8
8.039853	21.337261199951172	69.24545669555664	54.01375198364258	8
8.042382	22.423641204833984	69.24545669555664	54.27084732055664	8
8.061548	23.508630752563477	69.24545669555664	54.12220001220703	8
8.095582	25.67707061767578	69.24545669555664	54.28410720825195	8
8.113394	25.67707061767578	41.57565271034122	54.28410720825195	8
8.124277	26.76390838623047	41.57565271034122	54.53535079956055	8
8.143118	26.76390838623047	41.57565271034122	54.53535079956055	8
8.145658	27.852937698364258	41.57565271034122	54.57576370239258	8
8.164579	28.939451217651367	41.57565271034122	54.639732360839844	8
8.183757	30.02587127685547	41.57565271034122	54.39681625366211	8
8.196539	31.111053466796875	41.57565271034122	54.41878128051758	8
8.215953	32.19580078125	41.57565271034122	54.326072692871094	8
8.222571	32.19580078125	41.57565271034122	54.326072692871094	8
8.24307	32.19580078125	41.57565271034122	54.326072692871094	8
8.245665	33.279972076416016	41.57565271034122	54.25094223022461	8
8.262323	34.36493682861328	41.57565271034122	54.27823257446289	8
8.282189	35.449771881103516	41.57565271034122	54.1971321105957	8
8.313075	37.62297821044922	41.57565271034122	54.31800842285156	8
8.331037	37.62297821044922	41.57565271034122	54.31800842285156	8
8.339486	37.62297821044922	41.57565271034122	54.31800842285156	8
8.342076	38.71022033691406	41.57565271034122	54.42010498046875	8
8.361659	39.79711151123047	41.57565271034122	54.24918746948242	8
8.38084	40.65274429321289	41.57565271034122	33.03474426269531	8
8.401637	41.14260482788086	41.57565271034122	18.873947143554688	8
8.413791	41.414859771728516	41.57565271034122	10.739283561706543	8
8.432176	41.414859771728516	41.57565271034122	10.739283561706543	8
8.439825	41.414859771728516	41.57565271034122	10.739283561706543	8
8.442508	41.559242248535156	41.57565271034122	5.340074062347412	8
8.461888	41.629981994628906	41.57565271034122	2.4665727615356445	8
8.481842	41.65974807739258	41.57565271034122	0.8250700831413269	8
8.501922	41.66676712036133	41.57565271034122	0.0993628054857254	8
8.53253	41.66676712036133	41.57565271034122	0.0993628054857254	8
8.535829	41.66232681274414	41.57565271034122	-0.05701558291912079	8
8.548493	41.66232681274414	41.57565271034122	-0.05701558291912079	8
8.563569	41.65946960449219	41.57565271034122	-0.23726747930049896	8
8.583363	41.6558952331543	41.57565271034122	-0.21133200824260712	8
8.603505	41.651878356933594	41.57565271034122	-0.17771127820014954	8
8.624762	41.64763641357422	41.57565271034122	-0.24111944437026978	8
8.63609	41.64763641357422	41.57565271034122	-0.24111944437026978	8
8.638649	41.64310073852539	41.57565271034122	-0.2416149228811264	8
8.657648	41.64310073852539	41.57565271034122	-0.2416149228811264	8
8.666144	41.638710021972656	41.57565271034122	-0.23646657168865204	8
8.685513	41.63422775268555	41.57565271034122	-0.1943577527999878	8
8.70562	41.63035583496094	41.57565271034122	-0.16876500844955444	8
8.729581	41.62715148925781	41.57565271034122	-0.12643080949783325	8
8.74067	41.62715148925781	41.57565271034122	-0.12643080949783325	8
8.741969	41.62409210205078	41.57565271034122	-0.15315790474414825	8
8.767098	41.62409210205078	91.61191177368164	-0.15315790474414825	8
8.771978	41.620975494384766	91.61191177368164	-0.1347251683473587	8
8.793301	41.61791229248047	91.61191177368164	-0.1865420937538147	8
8.813609	41.61506271362305	91.61191177368164	-0.15454930067062378	8
8.832093	41.61244201660156	91.61191177368164	-0.1337621808052063	8
8.850507	41.61244201660156	91.61191177368164	-0.1337621808052063	8
8.864501	41.60865020751953	91.61191177368164	-0.062387481331825256	8
8.876272	41.60865020751953	91.60252952575684	-0.062387481331825256	8
8.892798	41.60706329345703	91.60252952575684	-0.07291701436042786	8
8.912095	41.605464935302734	91.60252952575684	-0.07902462780475616	8
8.928685	41.60395431518555	91.60252952575684	-0.09141494333744049	8
8.946865	41.60395431518555	91.60252952575684	-0.09141494333744049	8
8.949459	41.60268020629883	91.60252952575684	-0.05423840880393982	8
8.977148	42.65485382080078	91.60252952575684	55.215087890625	8
8.984818	42.65485382080078	92.20716285705566	55.215087890625	8
9.004803	43.74481964111328	92.20716285705566	54.37873077392578	8
9.023675	44.832881927490234	92.20716285705566	54.43970489501953	8
9.041891	44.832881927490234	92.20716285705566	54.43970489501953	8
9.044482	45.916927337646484	92.20716285705566	54.269405364990234	8
9.07384	48.0943717956543	92.20716285705566	54.54948806762695	8
9.09336	48.0943717956543	98.27235126495361	54.54948806762695	8
9.10195	49.183902740478516	98.27235126495361	54.55887222290039	8
9.122275	50.271507263183594	98.27235126495361	54.30309295654297	8
9.140683	50.271507263183594	98.27235126495361	54.30309295654297	8
9.143239	51.36076736450195	98.27235126495361	54.455718994140625	8
9.162162	52.44552230834961	98.27235126495361	53.99872970581055	8
9.193188	54.61867904663086	98.27235126495361	54.419700622558594	8
9.202302	54.61867904663086	104.21241283416748	54.419700622558594	8
9.222016	55.7054328918457	104.21241283416748	54.245269775390625	8
9.241281	55.7054328918457	104.21241283416748	54.245269775390625	8
9.243893	56.794410705566406	104.21241283416748	54.52594757080078	8
9.262861	57.88399887084961	104.21241283416748	54.4537353515625	8
9.294538	60.06221389770508	104.21241283416748	54.33013916015625	8
9.311182	60.06221389770508	110.14955234527588	54.33013916015625	8
9.323217	61.14590835571289	110.14955234527588	54.07537841796875	8
9.341458	61.14590835571289	110.14955234527588	54.07537841796875	8
9.344022	62.228721618652344	110.14955234527588	54.02336502075195	8
9.363063	63.314605712890625	110.14955234527588	54.310569763183594	8
9.382824	64.40057373046875	110.14955234527588	54.134002685546875	8
9.394416	65.48921966552734	110.14955234527588	54.52677536010742	8
9.413937	66.57856750488281	110.14955234527588	54.431949615478516	8
9.419888	66.57856750488281	115.29304218292236	54.431949615478516	8
9.440361	66.57856750488281	115.29304218292236	54.431949615478516	8
9.442886	67.66719818115234	115.29304218292236	54.67926025390625	8
9.46152	68.75933837890625	115.29304218292236	54.7000732421875	8
9.481341	69.84883117675781	115.29304218292236	54.625762939453125	8
9.512973	72.02660369873047	115.29304218292236	54.65833282470703	8
9.5288	72.02660369873047	120.97739028930664	54.65833282470703	8
9.540971	72.02660369873047	120.97739028930664	54.65833282470703	8
9.54354	73.11651611328125	120.97739028930664	54.4377555847168	8
9.562493	74.20561218261719	120.97739028930664	54.4868278503418	8
9.58251	75.29692077636719	120.97739028930664	54.49362564086914	8
9.603015	76.385986328125	120.97739028930664	54.339473724365234	8
9.614843	77.47545623779297	120.97739028930664	54.204063415527344	8
9.640118	77.47545623779297	94.0080444930507	54.204063415527344	8
9.644896	77.47545623779297	94.0080444930507	54.204063415527344	8
9.647536	78.5677719116211	94.0080444930507	54.51047134399414	8
9.666753	79.65699005126953	94.0080444930507	54.134742736816406	8
9.687288	80.74739837646484	94.0080444930507	54.55055618286133	8
9.708218	81.83575439453125	94.0080444930507	54.524620056152344	8
9.737766	81.83575439453125	94.0080444930507	54.524620056152344	8
9.740325	84.01622772216797	94.0080444930507	54.67024230957031	8
9.748227	84.01622772216797	94.0080444930507	54.67024230957031	8
9.766895	85.10775756835938	94.0080444930507	54.672149658203125	8
9.78602	86.19847106933594	94.0080444930507	54.529056549072266	8
9.806129	87.2886734008789	94.0080444930507	54.41401290893555	8
9.833187	87.2886734008789	94.0080444930507	54.41401290893555	8
9.835807	89.46833801269531	94.0080444930507	54.4775505065918	8
9.857137	89.46833801269531	94.0080444930507	54.4775505065918	8
9.862467	90.5611801147461	94.0080444930507	54.62384033203125	8
9.881816	91.65660095214844	94.0080444930507	54.762203216552734	8
9.901109	92.70220947265625	94.0080444930507	44.557857513427734	8
9.921397	93.36705017089844	94.0080444930507	26.04323959350586	8
9.934237	93.36705017089844	94.0080444930507	26.04323959350586	8
9.953659	93.94757843017578	94.0080444930507	7.874190330505371	8
9.96575	93.94757843017578	94.0080444930507	7.874190330505371	8
9.981355	94.05158996582031	94.0080444930507	3.5815622806549072	8
10.002065	94.1003189086914	94.0080444930507	1.5419244766235352	8
10.021516	94.11648559570312	94.0080444930507	0.4610380530357361	8
10.053011	94.115966796875	94.0080444930507	-0.14838963747024536	8
10.076734	94.115966796875	94.0080444930507	-0.14838963747024536	8
10.083944	94.11096954345703	94.0080444930507	-0.3422686457633972	8
10.104314	94.1050033569336	94.0080444930507	-0.20869463682174683	8
10.124935	94.0994873046875	94.0080444930507	-0.257093608379364	8
10.143236	94.0994873046875	94.0080444930507	-0.257093608379364	8
10.14579	94.09451293945312	94.0080444930507	-0.23000329732894897	8
10.176828	94.08314514160156	94.0080444930507	-0.26673465967178345	8
10.189823	94.08314514160156	94.0080444930507	-0.26673465967178345	8
10.219047	94.0782470703125	94.0080444930507	-0.2275073528289795	8
10.248658	94.07344055175781	94.0080444930507	-0.26708483695983887	8
10.272616	94.07344055175781	94.0080444930507	-0.26708483695983887	8
10.275248	94.06873321533203	94.0080444930507	-0.25885939598083496	8
10.300194	94.06873321533203	94.0080444930507	-0.25885939598083496	8
10.311041	94.06035614013672	94.0080444930507	-0.19473224878311157	8
10.330688	94.05642700195312	94.0080444930507	-0.17883270978927612	8
10.350162	94.05304718017578	94.0080444930507	-0.1682230830192566	8
10.368502	94.05304718017578	94.0080444930507	-0.1682230830192566	8
10.3711	94.05050659179688	94.0080444930507	-0.0988730788230896	8
10.390274	94.04834747314453	94.0080444930507	-0.10946780443191528	8
10.408066	94.04834747314453	94.0080444930507	-0.10946780443191528	8
10.416941	94.0446548461914	94.0080444930507	-0.10119020938873291	8
10.4313	94.04313659667969	94.0080444930507	-0.07169336080551147	8
10.445916	94.04313659667969	94.0080444930507	-0.07169336080551147	8
10.463405	94.04035949707031	94.0080444930507	-0.07805615663528442	8
10.48252	94.03890228271484	94.0080444930507	-0.08927673101425171	8
10.495254	94.0374984741211	94.0080444930507	-0.06407886743545532	8
10.516205	94.0374984741211	144.0374984741211	-0.06407886743545532	8
10.522564	94.03598022460938	144.0374984741211	-0.06644070148468018	8
10.542765	94.03598022460938	144.0374984741211	-0.06644070148468018	8
10.545985	94.03417205810547	144.0374984741211	-0.1035967469215393	8
10.56525	94.03244018554688	144.0374984741211	-0.09350866079330444	8
10.584835	94.03057098388672	144.0374984741211	-0.08429974317550659	8
10.5997	94.0287857055664	144.0374984741211	-0.1055040955543518	8
10.619058	94.0272445678711	144.0374984741211	-0.08462011814117432	8
10.625959	94.0272445678711	144.0272445678711	-0.08462011814117432	8
10.645939	94.0272445678711	144.0272445678711	-0.08462011814117432	8
10.648755	94.02593231201172	144.0272445678711	-0.06336361169815063	8
10.671081	94.02448272705078	144.0272445678711	-0.06349772214889526	8
10.691914	94.0235595703125	144.0272445678711	-0.04478186368942261	8
10.724751	94.58545684814453	144.0272445678711	53.506996154785156	8
10.735386	94.58545684814453	110.49100483430117	53.506996154785156	8
10.750589	94.58545684814453	110.49100483430117	53.506996154785156	8
10.753861	95.6998291015625	110.49100483430117	54.99906539916992	8
10.775704	96.80394744873047	110.49100483430117	55.742427825927734	8
10.796458	97.90782165527344	110.49100483430117	55.142024993896484	8
10.815858	99.00959014892578	110.49100483430117	55.32527160644531	8
10.844583	99.00959014892578	110.49100483430117	55.32527160644531	8
10.852153	99.00959014892578	110.49100483430117	55.32527160644531	8
10.869801	102.32144165039062	110.49100483430117	55.03270721435547	8
10.889154	103.42183685302734	110.49100483430117	54.97550964355469	8
10.908825	104.52101135253906	110.49100483430117	54.80946731567383	8
10.938731	104.52101135253906	110.49100483430117	54.80946731567383	8
10.953277	104.52101135253906	110.49100483430117	54.80946731567383	8
10.964753	107.81864166259766	110.49100483430117	54.71302795410156	8
10.983144	108.69310760498047	110.49100483430117	37.448028564453125	8
11.002802	109.28921508789062	110.49100483430117	25.404560089111328	8
11.023585	109.6956787109375	110.49100483430117	17.346412658691406	8
11.034015	109.6956787109375	110.49100483430117	17.346412658691406	8
11.036664	109.97162628173828	110.49100483430117	11.860660552978516	8
11.054859	110.15882873535156	110.49100483430117	8.112265586853027	8
11.062432	110.15882873535156	110.49100483430117	8.112265586853027	8
11.082985	110.28733825683594	110.49100483430117	5.9675493240356445	8
11.102605	110.37151336669922	110.49100483430117	3.476254463195801	8
11.122861	110.42803192138672	110.49100483430117	2.1368699073791504	8
11.155938	110.49266052246094	110.49100483430117	1.2092698812484741	8
11.170813	110.49266052246094	110.49100483430117	1.2092698812484741	8
11.183984	110.50848388671875	110.49100483430117	0.6660372614860535	8
11.203646	110.51811981201172	110.49100483430117	0.3573762774467468	8
11.222575	110.52389526367188	110.49100483430117	0.171552374958992	8
11.241431	110.52389526367188	110.49100483430117	0.171552374958992	8
11.244009	110.52689361572266	110.49100483430117	0.11154540628194809	8
11.254356	110.52824401855469	110.49100483430117	0.04993096739053726	8
11.279142	110.52824401855469	110.49100483430117	0.04993096739053726	8
11.281727	110.52850341796875	110.49100483430117	-0.002829388715326786	8
11.301464	110.52830505371094	110.49100483430117	-0.02627171203494072	8
11.321958	110.5281982421875	110.49100483430117	-0.039459239691495895	8
11.340891	110.5281982421875	110.49100483430117	-0.039459239691495895	8
11.353629	110.52786254882812	110.49100483430117	0.035514090210199356	8
11.372603	110.52706909179688	110.49100483430117	-0.1314263790845871	8
11.387618	110.52706909179688	110.49100483430117	-0.1314263790845871	8
11.400838	110.52709197998047	110.49100483430117	-0.06065145507454872	8
11.420941	110.52674865722656	110.49100483430117	0.039184462279081345	8
11.439048	110.52674865722656	110.49100483430117	0.039184462279081345	8
11.441608	110.52597045898438	110.49100483430117	-0.052992261946201324	8
11.460481	110.52594757080078	110.49100483430117	-0.005550689529627562	8
11.472987	110.52539825439453	110.49100483430117	-0.06844477355480194	8
11.496241	110.52539825439453	110.49100483430117	-0.06844477355480194	8
11.500151	110.52490234375	110.49100483430117	-0.009492986835539341	8
11.523009	110.524169921875	110.49100483430117	-0.02291800081729889	8
11.542774	110.524169921875	110.49100483430117	-0.02291800081729889	8
11.545441	110.52350616455078	110.49100483430117	-0.016233906149864197	8
11.569435	110.5228500366211	110.49100483430117	-0.019820429384708405	8
11.605884	110.5228500366211	60.522850036621094	-0.019820429384708405	8
11.624302	110.52110290527344	60.522850036621094	-0.03293810784816742	8
11.650865	110.52014923095703	60.522850036621094	-0.04504064470529556	8
11.679255	110.52014923095703	60.522850036621094	-0.04504064470529556	8
11.681998	110.51934814453125	60.522850036621094	-0.05277155339717865	8
11.71719	110.51934814453125	60.51934814453125	-0.05277155339717865	8
11.723399	110.51863098144531	60.51934814453125	-0.020629748702049255	8
11.759107	110.51668548583984	60.51934814453125	-0.03407245874404907	8
11.778076	110.51569366455078	60.51934814453125	-0.05123952776193619	8
11.796944	110.51569366455078	60.51934814453125	-0.05123952776193619	8
11.817992	110.51380920410156	60.51934814453125	-0.06109292060136795	8
11.826729	110.51380920410156	60.51380920410156	-0.06109292060136795	8
11.881419	110.51380920410156	60.51380920410156	-0.06109292060136795	8
11.935676	110.51380920410156	60.51380920410156	-0.06109292060136795	8
11.938967	103.74555206298828	60.51380920410156	-55.948402404785156	8
11.955718	103.74555206298828	60.51380920410156	-55.948402404785156	8
11.957712	102.62735748291016	60.51380920410156	-55.99839782714844	8
11.977934	101.50621032714844	60.51380920410156	-56.077125549316406	8
11.996334	100.39096069335938	60.51380920410156	-55.97856521606445	8
12.024242	98.16705322265625	60.51380920410156	-55.6325569152832	8
12.037761	98.16705322265625	60.51380920410156	-55.6325569152832	8
12.044986	98.16705322265625	80.97271217303278	-55.6325569152832	8
12.049326	97.0557632446289	80.97271217303278	-55.59451675415039	8
12.069282	95.94536590576172	80.97271217303278	-55.476470947265625	8
12.08834	94.83529663085938	80.97271217303278	-55.48150634765625	8
12.108583	93.7225341796875	80.97271217303278	-55.59203338623047	8
12.138882	93.7225341796875	80.97271217303278	-55.59203338623047	8
12.141499	91.49820709228516	80.97271217303278	-55.667396545410156	8
12.153623	91.49820709228516	80.97271217303278	-55.667396545410156	8
12.185815	89.2796630859375	80.97271217303278	-55.5362663269043	8
12.209086	88.17092895507812	80.97271217303278	-55.269866943359375	8
12.228281	87.0615005493164	80.97271217303278	-55.476707458496094	8
12.238698	87.0615005493164	80.97271217303278	-55.476707458496094	8
12.26252	87.0615005493164	80.97271217303278	-55.476707458496094	8
12.265936	84.8402328491211	80.97271217303278	-55.5432243347168	8
12.285748	83.73023223876953	80.97271217303278	-55.447425842285156	8
12.305521	82.78475952148438	80.97271217303278	-39.70661926269531	8
12.325253	82.15386199951172	80.97271217303278	-26.662046432495117	8
12.356774	81.45028686523438	80.97271217303278	-11.851253509521484	8
12.371429	81.45028686523438	80.97271217303278	-11.851253509521484	8
12.384718	81.26236724853516	80.97271217303278	-7.883236408233643	8
12.405078	81.13866424560547	80.97271217303278	-4.707725524902344	8
12.426624	81.05582427978516	80.97271217303278	-3.3936121463775635	8
12.449895	81.05582427978516	80.97271217303278	-3.3936121463775635	8
12.45236	81.00198364257812	80.97271217303278	-2.1758337020874023	8
12.463709	80.96759796142578	80.97271217303278	-1.4164104461669922	8
12.480219	80.96759796142578	80.97271217303278	-1.4164104461669922	8
12.491621	80.94633483886719	80.97271217303278	-0.8516193628311157	8
12.51157	80.93318939208984	80.97271217303278	-0.5023212432861328	8
12.531105	80.92597961425781	80.97271217303278	-0.28486859798431396	8
12.551768	80.92597961425781	80.97271217303278	-0.28486859798431396	8
12.554397	80.92230224609375	80.97271217303278	-0.17146331071853638	8
12.58891	80.92230224609375	80.97271217303278	-0.17146331071853638	8
12.592837	80.9197006225586	80.97271217303278	-0.051844239234924316	8
12.608305	80.91970825195312	80.97271217303278	-0.013101222924888134	8
12.64206	80.91970825195312	80.97271217303278	-0.013101222924888134	8
12.645306	80.92072296142578	80.97271217303278	0.07238674908876419	8
12.666276	80.92121124267578	80.97271217303278	0.0060244351625442505	8
12.678087	80.922119140625	80.97271217303278	0.09768148511648178	8
12.697617	80.922119140625	80.97271217303278	0.09768148511648178	8
12.705784	80.92333221435547	80.97271217303278	0.0509737953543663	8
12.727597	80.92525482177734	80.97271217303278	0.10652533173561096	8
12.744827	80.92525482177734	80.97271217303278	0.10652533173561096	8
12.747324	80.92639923095703	80.97271217303278	0.007812589406967163	8
12.766285	80.92724609375	80.97271217303278	0.022393375635147095	8
12.79679	80.92970275878906	80.97271217303278	0.06036153435707092	8
12.807357	80.92970275878906	80.97271217303278	0.06036153435707092	8
12.828121	80.9308090209961	80.97271217303278	0.06700745224952698	8
12.847842	80.9308090209961	80.97271217303278	0.06700745224952698	8
12.850463	80.93233489990234	80.97271217303278	0.06583771109580994	8
12.868666	80.93355560302734	80.97271217303278	0.08200547099113464	8
12.899491	80.93592834472656	80.97271217303278	0.05124202370643616	8
12.916622	80.93592834472656	80.97271217303278	0.05124202370643616	8
12.927014	80.9371337890625	80.97271217303278	0.012513905763626099	8
12.946047	80.9371337890625	80.97271217303278	0.012513905763626099	8
12.948646	80.93855285644531	80.97271217303278	0.031639546155929565	8
12.967685	80.93968963623047	80.97271217303278	0.04822453856468201	8
12.987709	80.94083404541016	80.97271217303278	0.0525682270526886	8
12.999346	80.94212341308594	80.97271217303278	0.06350567936897278	8
13.0258	80.94212341308594	80.97271217303278	0.06350567936897278	8
13.042658	80.94212341308594	80.97271217303278	0.06350567936897278	8
13.062185	80.9447250366211	80.97271217303278	0.04974445700645447	8
13.086135	80.94560241699219	80.97271217303278	0.06933948397636414	8
13.117144	80.94805145263672	80.97271217303278	0.0703602135181427	8
13.135277	80.94805145263672	80.97271217303278	0.0703602135181427	8
13.145378	80.94805145263672	80.97271217303278	0.0703602135181427	8
13.147959	80.94939422607422	80.97271217303278	0.06381115317344666	8
13.167236	80.9505386352539	80.97271217303278	0.047986119985580444	8
13.186911	80.95194244384766	80.97271217303278	0.0352456271648407	8
13.207509	80.95328521728516	80.97271217303278	0.04468551278114319	8
13.238174	80.95328521728516	80.97271217303278	0.04468551278114319	8
13.244904	80.95328521728516	80.97271217303278	0.04468551278114319	8
13.248888	80.95591735839844	80.97271217303278	0.09372523427009583	8
13.267693	80.95716094970703	80.97271217303278	0.09573689103126526	8
13.284358	80.95819091796875	80.97271217303278	0.08171489834785461	8
13.303466	80.95929718017578	80.97271217303278	0.07069548964500427	8
13.33323	80.95929718017578	80.97271217303278	0.07069548964500427	8
13.33586	80.96082305908203	80.97271217303278	0.012141376733779907	8
13.353677	80.96082305908203	80.97271217303278	0.012141376733779907	8
13.365684	80.96160888671875	80.97271217303278	0.046399153769016266	8
13.385347	80.96227264404297	80.97271217303278	0.024628566578030586	8
13.404772	80.96260070800781	80.97271217303278	0.006426799111068249	8
13.425069	80.9632568359375	80.97271217303278	0.0388442799448967	8
13.436682	80.9632568359375	80.97271217303278	0.0388442799448967	8
13.45682	80.964111328125	80.97271217303278	0.025202274322509766	8
13.462856	80.964111328125	80.97271217303278	0.025202274322509766	8
13.484919	80.96434783935547	80.97271217303278	0.020217839628458023	8
13.504755	80.96466064453125	80.97271217303278	0.04226411506533623	8
13.524757	80.965087890625	80.97271217303278	0.006329968571662903	8
13.55501	80.96610260009766	80.97271217303278	0.0367208868265152	8
13.572405	80.96610260009766	80.97271217303278	0.0367208868265152	8
13.583224	80.96659851074219	80.97271217303278	0.01613493263721466	8
13.602672	80.96694946289062	80.97271217303278	0.020448818802833557	8
13.622784	80.96735382080078	80.97271217303278	0.04434283450245857	8
13.642659	80.96735382080078	80.97271217303278	0.04434283450245857	8
13.645326	80.96770477294922	80.97271217303278	0.02728845924139023	8
13.655715	80.96822357177734	80.97271217303278	0.03877725452184677	8
13.681291	80.96822357177734	80.97271217303278	0.03877725452184677	8
13.685331	80.96929931640625	80.97271217303278	0.08980628848075867	8
13.705886	80.97026062011719	80.97271217303278	-0.018122823908925056	8
13.725796	80.97069549560547	80.97271217303278	-0.011082025244832039	8
13.744101	80.97069549560547	80.97271217303278	-0.011082025244832039	8
13.746626	80.97100067138672	80.97271217303278	-0.010478527285158634	8
13.758279	80.97111511230469	80.97271217303278	-0.05236569419503212	8
13.776657	80.9712142944336	80.97271217303278	-0.05915317311882973	8
13.790339	80.9712142944336	80.97271217303278	-0.05915317311882973	8
13.804185	80.97126007080078	80.97271217303278	-0.06310198456048965	8
13.824577	80.9713134765625	80.97271217303278	-0.049862299114465714	8
13.843109	80.9713134765625	80.97271217303278	-0.049862299114465714	8
13.84578	80.9714126586914	80.97271217303278	-0.05206020921468735	8
13.863407	80.9715576171875	80.97271217303278	-0.023964066058397293	8
13.874658	80.97179412841797	80.97271217303278	-0.017720479518175125	8
13.899448	80.97179412841797	80.97271217303278	-0.017720479518175125	8
13.902152	80.97197723388672	80.97271217303278	0.051666781306266785	8
13.922483	80.97205352783203	80.97271217303278	0.11670291423797607	8
13.941396	80.97205352783203	80.97271217303278	0.11670291423797607	8
13.943932	80.97216033935547	80.97271217303278	0.12010036408901215	8
13.962773	80.97203063964844	80.97271217303278	0.09605733305215836	8
13.993024	80.97190856933594	80.97271217303278	-0.047150276601314545	8
14.009117	80.97190856933594	80.97271217303278	-0.047150276601314545	8
14.021676	80.97187042236328	80.97271217303278	-0.1013532504439354	8
14.040322	80.97187042236328	80.97271217303278	-0.1013532504439354	8
14.042806	80.97196960449219	80.97271217303278	-0.09984078258275986	8
14.060634	80.97209167480469	80.97271217303278	-0.10283590108156204	8
14.09119	80.97246551513672	80.97271217303278	0.0324741005897522	8
14.118186	80.97246551513672	80.97271217303278	0.0324741005897522	8
14.121682	80.97249603271484	80.97271217303278	0.04837363213300705	8
14.140342	80.97249603271484	80.97271217303278	0.04837363213300705	8
14.142825	80.97268676757812	80.97271217303278	0.09276419878005981	8
14.161257	80.97277069091797	80.97271217303278	0.12466758489608765	8
14.180815	80.97280883789062	80.97271217303278	0.139226034283638	8
14.210967	80.97261810302734	80.97271217303278	-0.016200542449951172	8
14.227006	80.97261810302734	80.97271217303278	-0.016200542449951172	8
14.238996	80.97261810302734	80.97271217303278	-0.016200542449951172	8
14.241587	80.97267150878906	80.97271217303278	-0.041532501578330994	8
14.26056	80.97264099121094	80.97271217303278	-0.06814597547054291	8
14.281582	80.97256469726562	80.97271217303278	-0.11144129186868668	8
14.310894	80.97307586669922	80.97271217303278	-0.06427912414073944	8
14.335958	80.97307586669922	80.97271217303278	-0.06427912414073944	8
14.33866	80.97307586669922	80.97271217303278	-0.06427912414073944	8
14.34138	80.97349548339844	80.97271217303278	0.05144330859184265	8
14.361013	80.97362518310547	80.97271217303278	0.10115358233451843	8
14.381144	80.97360229492188	80.97271217303278	0.15287551283836365	8
14.401233	80.97354125976562	80.97271217303278	0.09671302884817123	8
14.414784	80.9732666015625	80.97271217303278	-0.036086127161979675	8
14.431739	80.9732666015625	80.97271217303278	-0.036086127161979675	8
14.434306	80.9732894897461	80.97271217303278	-0.09154824167490005	8
14.444727	80.9732894897461	80.97271217303278	-0.09154824167490005	8
14.461498	80.97327423095703	80.97271217303278	-0.10390131175518036	8
14.481301	80.97340393066406	80.97271217303278	-0.08130370080471039	8
14.501695	80.97345733642578	80.97271217303278	-0.08147506415843964	8
14.531914	80.97345733642578	80.97271217303278	-0.08147506415843964	8
14.534495	80.97354125976562	80.97271217303278	-0.05220172926783562	8
14.553666	80.97354125976562	80.97271217303278	-0.05220172926783562	8
14.562617	80.97358703613281	80.97271217303278	0.005853190552443266	8
14.582214	80.97368621826172	80.97271217303278	0.03406854718923569	8
14.603036	80.9737777709961	80.97271217303278	0.10593685507774353	8
14.623166	80.97383117675781	80.97271217303278	0.1527339369058609	8
14.63415	80.97383117675781	80.97271217303278	0.1527339369058609	8
14.654774	80.97341918945312	80.97271217303278	0.010256470181047916	8
14.663362	80.97341918945312	80.97271217303278	0.010256470181047916	8
14.683894	80.97319793701172	80.97271217303278	-0.09204745292663574	8
14.703862	80.97319030761719	80.97271217303278	-0.1274898797273636	8
14.724799	80.97334289550781	80.97271217303278	-0.10218770056962967	8
14.755452	80.97354125976562	80.97271217303278	-0.05235821381211281	8
14.772375	80.97354125976562	80.97271217303278	-0.05235821381211281	8
14.783429	80.97354888916016	80.97271217303278	-0.021348904818296432	8
14.803938	80.9738540649414	80.97271217303278	0.08479207754135132	8
14.828872	80.97389221191406	80.97271217303278	0.12337863445281982	8
14.848471	80.97389221191406	80.97271217303278	0.12337863445281982	8
14.850961	80.97383880615234	80.97271217303278	0.13401806354522705	8
14.861434	80.97373962402344	80.97271217303278	0.09555815905332565	8
14.881474	80.97373962402344	80.97271217303278	0.09555815905332565	8
14.889286	80.97335052490234	80.97271217303278	-0.012467815540730953	8
14.908858	80.97321319580078	80.97271217303278	-0.16724617779254913	8
14.928743	80.9734878540039	80.97271217303278	-0.1546025574207306	8
14.950944	80.9734878540039	80.97271217303278	-0.1546025574207306	8
14.955765	80.97394561767578	80.97271217303278	-0.0011131343198940158	8
14.971489	80.97422790527344	80.97271217303278	0.17691849172115326	8
14.990659	80.97422790527344	80.97271217303278	0.17691849172115326	8
14.997789	80.97406005859375	80.97271217303278	0.17057804763317108	8
15.032934	80.97361755371094	80.97271217303278	-0.04267992079257965	8
15.050658	80.97361755371094	80.97271217303278	-0.04267992079257965	8
15.053133	80.97361755371094	80.97271217303278	-0.13616235554218292	8
15.073047	80.9737548828125	80.97271217303278	-0.13597612082958221	8
15.084829	80.97394561767578	80.97271217303278	-0.027346644550561905	8
15.099762	80.97394561767578	80.97271217303278	-0.027346644550561905	8
15.113414	80.97418975830078	80.97271217303278	0.07135865092277527	8
15.133121	80.97411346435547	80.97271217303278	0.10424549132585526	8
15.163657	80.97367095947266	80.97271217303278	-0.021795988082885742	8
15.175941	80.97367095947266	80.97271217303278	-0.0747845247387886	8
15.194789	80.97373962402344	80.97271217303278	-0.07471746951341629	8
15.208976	80.97373962402344	80.97271217303278	-0.07471746951341629	8
15.223468	80.97379302978516	80.97271217303278	-0.022481443360447884	8
15.242882	80.97379302978516	80.97271217303278	-0.022481443360447884	8
15.245518	80.97384643554688	80.97271217303278	-0.013898373581469059	8
15.262974	80.9739761352539	80.97271217303278	0.03967130184173584	8
15.283217	80.97400665283203	80.97271217303278	0.06934696435928345	8
15.29528	80.97404479980469	80.97271217303278	0.0825568437576294	8
15.319167	80.97404479980469	80.97271217303278	0.0825568437576294	8
15.324607	80.97410583496094	80.97271217303278	0.09897792339324951	8
15.343462	80.97410583496094	80.97271217303278	0.09897792339324951	8
15.346059	80.9739990234375	80.97271217303278	0.09576671570539474	8
15.365095	80.97379302978516	80.97271217303278	0.013408001512289047	8
15.385315	80.97354125976562	80.97271217303278	-0.09993767738342285	8
15.41626	80.97384643554688	80.97271217303278	-0.035400766879320145	8
15.428692	80.97384643554688	80.97271217303278	-0.035400766879320145	8
15.443044	80.97384643554688	80.97271217303278	-0.035400766879320145	8
15.445662	80.97412872314453	80.97271217303278	0.09852340817451477	8
15.463993	80.97399139404297	80.97271217303278	0.10521402955055237	8
15.483873	80.9737548828125	80.97271217303278	0.036951806396245956	8
15.51366	80.97357940673828	80.97271217303278	-0.11985310167074203	8
15.538194	80.97357940673828	80.97271217303278	-0.11985310167074203	8
15.540995	80.97357940673828	80.97271217303278	-0.11985310167074203	8
15.54371	80.97361755371094	80.97271217303278	-0.12567944824695587	8
15.562825	80.97383880615234	80.97271217303278	-0.01402505673468113	8
15.582381	80.97407531738281	80.97271217303278	0.10045312345027924	8
15.60317	80.9739990234375	80.97271217303278	0.13863737881183624	8
15.632961	80.9739990234375	80.97271217303278	0.13863737881183624	8
15.635583	80.973388671875	80.97271217303278	-0.08841906487941742	8
15.647095	80.973388671875	80.97271217303278	-0.08841906487941742	8
15.662761	80.9735107421875	80.97271217303278	-0.14206324517726898	8
15.68272	80.97374725341797	80.97271217303278	-0.09704682976007462	8
15.702536	80.97394561767578	80.97271217303278	0.0025227360893040895	8
15.731976	80.97394561767578	80.97271217303278	0.0025227360893040895	8
15.734555	80.97373962402344	80.97271217303278	0.06887014955282211	8
15.755862	80.97373962402344	80.97271217303278	0.06887014955282211	8
15.761742	80.97351837158203	80.97271217303278	-0.03636185824871063	8
15.781413	80.97344970703125	80.97271217303278	-0.10365549474954605	8
15.801421	80.9737319946289	80.97271217303278	-0.0369131825864315	8
15.821782	80.97384643554688	80.97271217303278	-0.0056803468614816666	8
15.833971	80.97384643554688	80.97271217303278	-0.0056803468614816666	8
15.85354	80.97396087646484	80.97271217303278	0.10695753246545792	8
15.8649	80.97396087646484	80.97271217303278	0.10695753246545792	8
15.881868	80.97373962402344	80.97271217303278	0.04005131497979164	8
15.90169	80.97378540039062	80.97271217303278	0.00010129546717507765	8
15.922213	80.97378540039062	80.97271217303278	0.010502304881811142	8
15.95308	80.97372436523438	80.97271217303278	-0.0058740731328725815	8
15.974087	80.97372436523438	80.97271217303278	-0.0058740731328725815	8
15.981821	80.97359466552734	80.97271217303278	-0.08736852556467056	8
16.001984	80.97362518310547	80.97271217303278	-0.08754733949899673	8
16.021708	80.97388458251953	80.97271217303278	0.004787712823599577	8
16.040624	80.97388458251953	80.97271217303278	0.004787712823599577	8
16.043138	80.9740219116211	80.97271217303278	0.106108158826828	8
16.054031	80.97396850585938	80.97271217303278	0.12323703616857529	8
16.073119	80.97378540039062	80.97271217303278	0.06662753224372864	8
16.083197	80.97378540039062	80.97271217303278	0.06662753224372864	8
16.101631	80.97348022460938	80.97271217303278	-0.02886657416820526	8
16.121663	80.9734115600586	80.97271217303278	-0.1001686155796051	8
16.141204	80.9734115600586	80.97271217303278	-0.1001686155796051	8
16.143736	80.97357940673828	80.97271217303278	-0.08273426443338394	8
16.173586	80.97370147705078	80.97271217303278	0.046719569712877274	8
16.192146	80.97370147705078	80.97271217303278	0.046719569712877274	8
16.202413	80.97362518310547	80.97271217303278	0.013862507417798042	8
16.222098	80.97347259521484	80.97271217303278	-0.07234816253185272	8
16.241023	80.97347259521484	80.97271217303278	-0.07234816253185272	8
16.243536	80.97358703613281	80.97271217303278	-0.0938207358121872	8
16.262397	80.9738540649414	80.97271217303278	-0.01491908822208643	8
16.274936	80.97394561767578	80.97271217303278	0.017140761017799377	8
16.295117	80.9740219116211	80.97271217303278	0.11397595703601837	8
16.301701	80.9740219116211	80.97271217303278	0.11397595703601837	8
16.325168	80.97396850585938	80.97271217303278	0.11494453251361847	8
16.348375	80.97396850585938	80.97271217303278	0.11494453251361847	8
16.351053	80.9737777709961	80.97271217303278	0.06150151416659355	8
16.370896	80.97359466552734	80.97271217303278	-0.005933694075793028	8
16.383981	80.97342681884766	80.97271217303278	-0.08946961164474487	8
16.40255	80.97356414794922	80.97271217303278	-0.09392505884170532	8
16.411216	80.97356414794922	80.97271217303278	-0.09392505884170532	8
16.431619	80.97374725341797	80.97271217303278	-0.021788526326417923	8
16.450337	80.97374725341797	80.97271217303278	-0.021788526326417923	8
16.45286	80.97393035888672	80.97271217303278	0.07495726644992828	8
16.47268	80.97379302978516	80.97271217303278	0.10280753672122955	8
16.492077	80.9736328125	80.97271217303278	0.025619516149163246	8
16.503501	80.97341918945312	80.97271217303278	-0.09922986477613449	8
16.518978	80.97341918945312	80.97271217303278	-0.09922986477613449	8
16.547321	80.97341918945312	80.97271217303278	-0.09922986477613449	8
16.550159	80.97381591796875	80.97271217303278	0.029009532183408737	8
16.569587	80.9737548828125	80.97271217303278	0.03816629573702812	8
16.588438	80.9737777709961	80.97271217303278	0.06999517977237701	8
16.602547	80.97177124023438	80.97271217303278	-0.4242316484451294	8
16.621068	80.97200012207031	80.97271217303278	0.06496603786945343	8
16.626991	80.97200012207031	80.97271217303278	0.06496603786945343	8
16.647063	80.97200012207031	80.97271217303278	0.06496603786945343	1
16.66745	80.9712905883789	80.97271217303278	-0.02369588613510132	1
16.686472	80.97135925292969	80.97271217303278	-0.0012770865578204393	1
16.719584	80.97132873535156	80.97271217303278	8.636971324449405e-05	1
16.736495	80.97132873535156	80.97271217303278	8.636971324449405e-05	1
16.749487	80.97132873535156	80.97271217303278	8.636971324449405e-05	1
16.779854	80.97129821777344	80.97271217303278	-0.0001743989996612072	1
16.811016	80.97129821777344	80.97271217303278	-0.0001594976056367159	1
16.837504	80.97129821777344	80.97271217303278	-0.0001594976056367159	1
16.845919	80.97129821777344	80.97271217303278	-0.0001594976056367159	1
16.866244	80.97129821777344	80.97271217303278	0.0001832286361604929	1
16.893708	80.97129821777344	80.97271217303278	0.0001832286361604929	1
16.89729	80.97129821777344	80.97271217303278	0.00267917406745255	1
16.918391	80.97128295898438	80.97271217303278	0.0038340124301612377	1
16.938855	80.97126007080078	80.97271217303278	0.002410952467471361	1
16.953466	80.97126007080078	80.97271217303278	0.002410952467471361	1
16.987706	80.97126007080078	80.97271217303278	0.002410952467471361	1
17.005122	80.97123718261719	80.97271217303278	-0.0001743967877700925	1
17.045078	80.97123718261719	80.97271217303278	-0.0001743967877700925	1
17.06213	80.97123718261719	80.97271217303278	-0.0001743967877700925	1
17.105336	80.97122192382812	80.97271217303278	-0.003556962823495269	1
17.125357	80.97122955322266	80.97271217303278	0.007678511552512646	1
17.141171	80.9712142944336	80.97271217303278	0.0033795249182730913	1
17.158961	80.97119140625	80.97271217303278	0.0017776481108739972	1
17.170163	80.97119140625	80.97271217303278	0.0017776481108739972	1
17.185744	80.97117614746094	80.97271217303278	-0.002789558842778206	1
17.201085	80.97117614746094	80.97271217303278	-0.002610744209960103	1
17.222469	80.97117614746094	80.97271217303278	-0.0016421665204688907	1
17.242034	80.97117614746094	80.97271217303278	-0.0016421665204688907	1
17.244628	80.97117614746094	80.97271217303278	-0.0008747560204938054	1
17.254483	80.97117614746094	80.97271217303278	-0.00017440144438296556	1
17.277934	80.97117614746094	80.97271217303278	-0.00017440144438296556	1
17.281979	80.97117614746094	80.97271217303278	-0.00017440144438296556	1
17.301521	80.97117614746094	80.97271217303278	-0.00017440144438296556	1
17.321583	80.97117614746094	80.97271217303278	-0.00017440144438296556	1
17.340534	80.97117614746094	80.97271217303278	-0.00017440144438296556	1
17.354875	80.97117614746094	80.97271217303278	-0.00017440144438296556	1
17.373324	80.97117614746094	80.97271217303278	-0.00017440144438296556	1
17.385369	80.97117614746094	80.97271217303278	-0.00017440144438296556	1
17.399372	80.97117614746094	80.97271217303278	-0.00017440144438296556	1
17.417462	80.97117614746094	80.97271217303278	-0.00022655575594399124	1
17.436664	80.97117614746094	80.97271217303278	-0.00022655575594399124	1
17.439116	80.97117614746094	80.97271217303278	0.00031733710784465075	1
17.468707	80.97116088867188	80.97271217303278	-0.007259906269609928	1
17.49263	80.97116088867188	80.97271217303278	-0.007259906269609928	1
17.495494	80.9711685180664	80.97271217303278	0.001576480339281261	1
17.515757	80.97116088867188	80.97271217303278	-0.002044504275545478	1
17.535565	80.97116088867188	80.97271217303278	-0.002044504275545478	1
17.538924	80.97116088867188	80.97271217303278	-0.0003383226867299527	1
17.558939	80.9711685180664	80.97271217303278	0.005599787924438715	1
17.573068	80.97114562988281	80.97271217303278	-0.0029385793022811413	1
17.59236	80.97113800048828	80.97271217303278	-0.0029385769739747047	1
17.599657	80.97113800048828	80.97271217303278	-0.0029385769739747047	1
17.617871	80.9711685180664	80.97271217303278	0.00909411534667015	1
17.637055	80.9711685180664	80.97271217303278	0.00909411534667015	1
17.639504	80.97114562988281	80.97271217303278	0.0023960433900356293	1
17.658172	80.97112274169922	80.97271217303278	-0.0076249889098107815	1
17.690659	80.97111511230469	80.97271217303278	-0.0032812992576509714	1
17.707595	80.97111511230469	80.97271217303278	-0.0032812992576509714	1
17.718387	80.97112274169922	80.97271217303278	-0.00523335300385952	1
17.736262	80.97112274169922	80.97271217303278	-0.00523335300385952	1
17.738866	80.97113800048828	80.97271217303278	0.008505521342158318	1
17.758915	80.97111511230469	80.97271217303278	-0.001828433247283101	1
17.779175	80.97111511230469	80.97271217303278	-0.003109932877123356	1
17.793289	80.97111511230469	80.97271217303278	-0.0001446014503017068	1
17.815116	80.97111511230469	80.97271217303278	-0.0001446014503017068	1
17.819509	80.97111511230469	80.97271217303278	-0.0009939672891050577	1
17.838576	80.97111511230469	80.97271217303278	-0.0009939672891050577	1
17.841087	80.97111511230469	80.97271217303278	-0.00016695307567715645	1
17.860143	80.97111511230469	80.97271217303278	-0.0001446011010557413	1
17.880056	80.97111511230469	80.97271217303278	-0.0007480981294065714	1
17.911072	80.97111511230469	80.97271217303278	-0.00015205168165266514	1
17.922006	80.97111511230469	80.97271217303278	-0.00015205168165266514	1
17.935706	80.97111511230469	80.97271217303278	-0.00015205168165266514	1
17.938237	80.97111511230469	80.97271217303278	-0.00015205168165266514	1
17.958775	80.97111511230469	80.97271217303278	-0.00015205168165266514	1
17.977542	80.97111511230469	80.97271217303278	-0.000122249242849648	1
18.01067	80.97111511230469	80.97271217303278	-0.000122249242849648	1
18.031472	80.97111511230469	80.97271217303278	-0.000122249242849648	1
18.039788	80.97111511230469	80.97271217303278	-0.000122249242849648	1
18.042349	80.97111511230469	80.97271217303278	-0.000122249242849648	1
18.062005	80.97111511230469	80.97271217303278	-0.000122249242849648	1
18.082342	80.97111511230469	80.97271217303278	-0.000122249242849648	1
18.102792	80.97111511230469	80.97271217303278	-0.000122249242849648	1
18.11744	80.97111511230469	80.97271217303278	-0.000122249242849648	1
18.141176	80.97111511230469	80.97271217303278	-0.000122249242849648	1
18.147368	80.97111511230469	80.97271217303278	-0.000122249242849648	1
18.167538	80.97111511230469	80.97271217303278	-0.000122249242849648	1
18.188892	80.97110748291016	80.97271217303278	-0.001597464783117175	1
18.208821	80.97111511230469	80.97271217303278	0.0006749625317752361	1
18.236734	80.97111511230469	80.97271217303278	0.0006749625317752361	8
18.23919	80.97123718261719	80.97271217303278	0.015360056422650814	8
18.250032	80.97123718261719	80.97271217303278	0.015360056422650814	8
18.265832	80.97135162353516	80.97271217303278	0.020120978355407715	8
18.285357	80.9712142944336	80.97271217303278	-0.007043845485895872	8
18.304379	80.97128295898438	80.97271217303278	-0.01920318976044655	8
18.322897	80.97127532958984	80.97271217303278	0.05878949165344238	8
18.33237	80.97127532958984	80.97271217303278	0.05878949165344238	8
18.334911	80.97107696533203	80.97271217303278	0.0010549357393756509	8
18.352524	80.97102355957031	80.97271217303278	-0.05600905790925026	8
18.359454	80.97102355957031	80.97271217303278	-0.05600905790925026	8
18.379758	80.97138214111328	80.97271217303278	0.04860455542802811	8
18.3997	80.97109985351562	80.97271217303278	0.062164608389139175	8
18.420368	80.97093200683594	80.97271217303278	-0.11903350800275803	8
18.453	80.97103118896484	80.97271217303278	0.03296579048037529	8
18.468156	80.97103118896484	80.97271217303278	0.03296579048037529	8
18.483565	80.9710693359375	80.97271217303278	-0.13324177265167236	8
18.503542	80.97147369384766	80.97271217303278	0.19976192712783813	8
18.523316	80.97061157226562	80.97271217303278	-0.17327375710010529	8
18.543194	80.97061157226562	80.97271217303278	-0.17327375710010529	8
18.556824	80.97111511230469	80.97271217303278	0.07331810146570206	8
18.576809	80.97111511230469	130.9732338830745	0.07331810146570206	8
18.585097	80.9709701538086	130.9732338830745	-0.15299329161643982	8
18.605199	80.97164916992188	130.9732338830745	0.17596475780010223	8
18.625106	80.9709243774414	130.9732338830745	-0.056158095598220825	8
18.644709	80.9709243774414	130.9732338830745	-0.056158095598220825	8
18.647193	80.97138214111328	130.9732338830745	-0.04291096702218056	8
18.658573	80.97144317626953	130.9732338830745	0.122797392308712	8
18.675356	80.97110748291016	130.9732338830745	-0.11910807341337204	8
18.685736	80.97110748291016	130.97322053163407	-0.11910807341337204	8
18.703735	80.97166442871094	130.97322053163407	0.07022608816623688	8
18.723598	80.97125244140625	130.97322053163407	0.05303758382797241	8
18.74151	80.97125244140625	130.97322053163407	0.05303758382797241	8
18.744021	80.97113037109375	130.97322053163407	-0.10941489040851593	8
18.77416	81.50772857666016	130.97322053163407	51.42522430419922	8
18.795361	81.50772857666016	131.7482983514583	51.42522430419922	8
18.806335	82.61031341552734	131.7482983514583	54.91720962524414	8
18.825248	83.70943450927734	131.7482983514583	54.98106002807617	8
18.846446	83.70943450927734	131.7482983514583	54.98106002807617	8
18.849123	84.81090545654297	131.7482983514583	54.72471237182617	8
18.867954	85.90680694580078	131.7482983514583	54.687801361083984	8
18.898301	88.09772491455078	131.7482983514583	54.6553955078125	8
18.904916	88.09772491455078	103.08003027310255	54.6553955078125	8
18.926706	89.1900634765625	103.08003027310255	54.6158561706543	8
18.945803	89.1900634765625	103.08003027310255	54.6158561706543	8
18.948384	90.28292846679688	103.08003027310255	54.44590759277344	8
18.967754	91.37633514404297	103.08003027310255	54.608760833740234	8
18.994882	93.56182861328125	103.08003027310255	54.66066360473633	8
19.013508	93.56182861328125	103.08003027310255	54.66066360473633	8
19.02237	94.6556167602539	103.08003027310255	54.68545150756836	8
19.040992	94.6556167602539	103.08003027310255	54.68545150756836	8
19.043552	95.74996185302734	103.08003027310255	54.82194900512695	8
19.063237	96.84183502197266	103.08003027310255	54.720802307128906	8
19.083852	97.93701934814453	103.08003027310255	55.03742980957031	8
19.095702	99.03390502929688	103.08003027310255	54.91172409057617	8
19.115115	100.13118743896484	103.08003027310255	55.112308502197266	8
19.12252	100.13118743896484	103.08003027310255	55.112308502197266	8
19.142202	100.13118743896484	103.08003027310255	55.112308502197266	8
19.144773	101.18197631835938	103.08003027310255	46.09862518310547	8
19.163291	101.90323638916016	103.08003027310255	29.417064666748047	8
19.182948	102.36271667480469	103.08003027310255	19.099149703979492	8
19.213117	102.83612060546875	103.08003027310255	7.309152126312256	8
19.231682	102.83612060546875	103.08003027310255	7.309152126312256	8
19.23865	102.83612060546875	103.08003027310255	7.309152126312256	8
19.241184	102.9515609741211	103.08003027310255	5.012639045715332	8
19.261264	103.0234375	103.08003027310255	3.17232084274292	8
19.28079	103.06713104248047	103.08003027310255	1.7949894666671753	8
19.300127	103.0934066772461	103.08003027310255	0.9548978209495544	8
19.311746	103.10823822021484	103.08003027310255	0.5089284181594849	8
19.332059	103.10823822021484	103.08003027310255	0.5089284181594849	8
19.334881	103.11547088623047	103.08003027310255	0.2773420214653015	8
19.341297	103.11547088623047	53.09837502687331	0.2773420214653015	8
19.364337	103.11901092529297	53.09837502687331	0.12286913394927979	8
19.385699	103.12039184570312	53.09837502687331	0.06842774152755737	8
19.407513	103.12085723876953	53.09837502687331	0.033007681369781494	8
19.438356	103.12085723876953	53.09837502687331	0.033007681369781494	8
19.440851	103.12055206298828	53.09837502687331	-0.019988302141427994	8
19.450327	103.12055206298828	53.102838222674094	-0.019988302141427994	8
19.465726	103.12036895751953	53.102838222674094	-0.016024593263864517	8
19.48523	103.12012481689453	53.102838222674094	-0.018252316862344742	8
19.505156	103.11993408203125	53.102838222674094	-0.0315292552113533	8
19.52391	103.11976623535156	53.102838222674094	-0.003008435480296612	8
19.533512	103.11976623535156	53.102838222674094	-0.003008435480296612	8
19.536126	102.78202056884766	53.102838222674094	-48.068992614746094	8
19.5596	102.78202056884766	52.49031228273269	-48.068992614746094	8
19.562962	101.6597671508789	52.49031228273269	-55.60765075683594	8
19.582052	100.55158996582031	52.49031228273269	-55.705379486083984	8
19.600903	99.4348373413086	52.49031228273269	-55.8084602355957	8
19.62025	98.32048034667969	52.49031228273269	-55.59028244018555	8
19.652386	96.10321044921875	52.49031228273269	-55.37819290161133	8
19.668661	96.10321044921875	45.917548839739524	-55.37819290161133	8
19.680627	94.9917221069336	45.917548839739524	-55.517295837402344	8
19.700701	93.88058471679688	45.917548839739524	-55.572452545166016	8
19.720805	92.76895141601562	45.917548839739524	-55.72913360595703	8
19.738468	92.76895141601562	45.917548839739524	-55.72913360595703	8
19.751006	90.55015563964844	45.917548839739524	-55.24116516113281	8
19.770007	89.44396209716797	45.917548839739524	-55.45115661621094	8
19.777926	89.44396209716797	39.85535210817214	-55.45115661621094	8
19.797995	88.3382568359375	39.85535210817214	-55.42593765258789	8
19.817803	87.23308563232422	39.85535210817214	-55.29391860961914	8
19.837056	87.23308563232422	39.85535210817214	-55.29391860961914	8
19.839521	86.12728881835938	39.85535210817214	-55.40338134765625	8
19.869624	83.91268157958984	39.85535210817214	-55.13462829589844	8
19.886649	83.91268157958984	34.90031403749343	-55.13462829589844	8
19.897876	82.8055191040039	34.90031403749343	-55.29287338256836	8
19.917971	81.69856262207031	34.90031403749343	-55.45688247680664	8
19.937547	81.69856262207031	34.90031403749343	-55.45688247680664	8
19.940152	80.59148406982422	34.90031403749343	-55.471866607666016	8
19.972758	78.37933349609375	34.90031403749343	-55.40228271484375	8
19.996337	78.37933349609375	28.015033428362575	-55.40228271484375	8
20.002373	77.27234649658203	28.015033428362575	-55.357383728027344	8
20.023158	76.16606140136719	28.015033428362575	-55.25867462158203	8
20.042829	76.16606140136719	28.015033428362575	-55.25867462158203	8
20.045504	75.05938720703125	28.015033428362575	-55.296730041503906	8
20.065596	73.95142364501953	28.015033428362575	-55.41294479370117	8
20.079102	72.84508514404297	28.015033428362575	-55.30015182495117	8
20.09892	71.73774719238281	28.015033428362575	-55.3111457824707	8
20.106188	71.73774719238281	22.226081554583278	-55.3111457824707	8
20.128642	70.63013458251953	22.226081554583278	-55.39293670654297	8
20.147068	70.63013458251953	22.226081554583278	-55.39293670654297	8
20.149828	69.52387237548828	22.226081554583278	-55.39810562133789	8
20.169115	68.41785430908203	22.226081554583278	-55.24531173706055	8
20.199643	66.2044448852539	22.226081554583278	-55.42096710205078	8
20.215488	66.2044448852539	16.7123295709407	-55.42096710205078	8
20.228085	65.09785461425781	16.7123295709407	-55.16757583618164	8
20.246239	65.09785461425781	16.7123295709407	-55.16757583618164	8
20.24881	63.99277114868164	16.7123295709407	-55.23672103881836	8
20.266989	62.88616943359375	16.7123295709407	-55.29963302612305	8
20.286099	61.77826690673828	16.7123295709407	-55.36060333251953	8
20.297687	60.67164993286133	16.7123295709407	-55.31669616699219	8
20.316435	59.56315612792969	16.7123295709407	-55.56705856323242	8
20.324649	59.56315612792969	12.017049495867457	-55.56705856323242	8
20.343499	59.56315612792969	12.017049495867457	-55.56705856323242	8
20.363854	57.34721755981445	12.017049495867457	-55.327796936035156	8
20.383337	56.24060821533203	12.017049495867457	-55.3179817199707	8
20.413143	54.02865219116211	12.017049495867457	-55.360206604003906	8
20.434505	54.02865219116211	4.300623600176539	-55.360206604003906	8
20.440386	54.02865219116211	4.300623600176539	-55.360206604003906	8
20.442898	52.920650482177734	4.300623600176539	-55.28709411621094	8
20.461421	51.8117561340332	4.300623600176539	-55.396480560302734	8
20.480769	50.703147888183594	4.300623600176539	-55.384620666503906	8
20.501275	49.59375762939453	4.300623600176539	-55.54939270019531	8
20.512261	48.48657989501953	4.300623600176539	-55.38469696044922	8
20.530728	48.48657989501953	4.300623600176539	-55.38469696044922	8
20.533275	47.379459381103516	4.300623600176539	-55.415931701660156	8
20.545447	47.379459381103516	-1.4916155889714027	-55.415931701660156	8
20.563171	46.27284622192383	-1.4916155889714027	-55.40001678466797	8
20.582962	45.167728424072266	-1.4916155889714027	-55.13553237915039	8
20.605405	44.06169128417969	-1.4916155889714027	-55.210514068603516	8
20.635836	44.06169128417969	-1.4916155889714027	-55.210514068603516	8
20.638579	41.84445571899414	-1.4916155889714027	-55.39004898071289	8
20.655102	41.84445571899414	-8.105453784772184	-55.39004898071289	8
20.668369	40.7360954284668	-8.105453784772184	-55.357933044433594	8
20.687614	39.630863189697266	-8.105453784772184	-55.43062210083008	8
20.708109	38.5267219543457	-8.105453784772184	-55.308799743652344	8
20.729208	37.42185974121094	-8.105453784772184	-55.160728454589844	8
20.738568	37.42185974121094	-8.105453784772184	-55.160728454589844	8
20.757724	35.21202850341797	-8.105453784772184	-55.18077087402344	8
20.764569	35.21202850341797	-14.165339763470914	-55.18077087402344	8
20.785711	34.10710144042969	-14.165339763470914	-55.298866271972656	8
20.802315	33.00044631958008	-14.165339763470914	-55.30427169799805	8
20.822241	31.895986557006836	-14.165339763470914	-55.198829650878906	8
20.853659	29.6856746673584	-14.165339763470914	-55.244773864746094	8
20.873527	29.6856746673584	-20.2217557981694	-55.244773864746094	8
20.882284	28.580886840820312	-20.2217557981694	-55.425270080566406	8
20.901675	27.47744369506836	-20.2217557981694	-55.17150115966797	8
20.921019	26.373600006103516	-20.2217557981694	-55.195377349853516	8
20.939736	26.373600006103516	-20.2217557981694	-55.195377349853516	8
20.942256	25.26853370666504	-20.2217557981694	-55.220184326171875	8
20.953617	24.162109375	-20.2217557981694	-55.32709503173828	8
20.972921	23.0517635345459	-20.2217557981694	-55.49383544921875	8
20.982718	23.0517635345459	-26.28116207868698	-55.49383544921875	8
21.003824	21.94245719909668	-26.28116207868698	-55.38054656982422	8
21.023755	20.837324142456055	-26.28116207868698	-55.22105026245117	8
21.041941	20.837324142456055	-26.28116207868698	-55.22105026245117	8
21.074124	17.526777267456055	-26.28116207868698	-55.18048858642578	8
21.09225	17.526777267456055	2.483033116834946	-55.18048858642578	8
21.104215	16.42189598083496	2.483033116834946	-55.30362319946289	8
21.125401	15.313725471496582	2.483033116834946	-55.476463317871094	8
21.145053	15.313725471496582	2.483033116834946	-55.476463317871094	8
21.147504	14.207135200500488	2.483033116834946	-55.330284118652344	8
21.166476	13.100678443908691	2.483033116834946	-55.23795700073242	8
21.194804	10.892333984375	2.483033116834946	-55.142642974853516	8
21.201244	10.892333984375	2.483033116834946	-55.142642974853516	8
21.222245	9.788326263427734	2.483033116834946	-55.06377029418945	8
21.240755	9.788326263427734	2.483033116834946	-55.06377029418945	8
21.243235	8.68350887298584	2.483033116834946	-55.25967025756836	8
21.262093	7.577463626861572	2.483033116834946	-55.472900390625	8
21.292291	5.3645830154418945	2.483033116834946	-55.14986038208008	8
21.310363	5.3645830154418945	2.483033116834946	-55.14986038208008	8
21.320883	4.259875774383545	2.483033116834946	-55.23992919921875	8
21.339755	4.259875774383545	2.483033116834946	-55.23992919921875	8
21.342569	3.1562869548797607	2.483033116834946	-55.253822326660156	8
21.362064	2.255429744720459	2.483033116834946	-33.6784553527832	8
21.383334	1.8595142364501953	2.483033116834946	-13.328895568847656	8
21.395466	1.7379124164581299	2.483033116834946	-3.044581174850464	8
21.419728	1.7379124164581299	2.483033116834946	-3.044581174850464	8
21.42431	1.7497261762619019	2.483033116834946	1.887528657913208	8
21.443361	1.7497261762619019	2.483033116834946	1.887528657913208	8
21.445963	1.8183094263076782	2.483033116834946	3.972630739212036	8
21.464722	1.9105806350708008	2.483033116834946	4.784183025360107	8
21.48505	2.004300117492676	2.483033116834946	4.445319652557373	8
21.516064	2.1600351333618164	2.483033116834946	3.459791660308838	8
21.5288	2.1600351333618164	2.483033116834946	3.459791660308838	8
21.543909	2.1600351333618164	2.483033116834946	3.459791660308838	8
21.546788	2.2178516387939453	2.483033116834946	2.7331202030181885	8
21.565778	2.2646474838256836	2.483033116834946	2.234750986099243	8
21.585136	2.3012657165527344	2.483033116834946	1.5630857944488525	8
21.610794	2.3301830291748047	2.483033116834946	1.1942651271820068	8
21.625204	2.3522326946258545	2.483033116834946	0.9754687547683716	8
21.637759	2.3522326946258545	2.483033116834946	0.9754687547683716	8
21.655396	2.3522326946258545	2.483033116834946	0.9754687547683716	8
21.657998	2.369777202606201	2.483033116834946	0.8422300219535828	8
21.676586	2.3839409351348877	2.483033116834946	0.5944609642028809	8
21.695663	2.3944785594940186	2.483033116834946	0.49457848072052	8
21.71566	2.4037845134735107	2.483033116834946	0.4408299922943115	8
21.746687	2.4037845134735107	2.483033116834946	0.4408299922943115	8
21.751293	2.4037845134735107	2.483033116834946	0.4408299922943115	8
21.753831	2.4172725677490234	2.483033116834946	0.2699732780456543	8
21.772919	2.422686815261841	2.483033116834946	0.2542392909526825	8
21.791849	2.427954912185669	2.483033116834946	0.2678644359111786	8
21.829139	2.427954912185669	2.483033116834946	0.2678644359111786	8
21.8318	2.4384279251098633	2.483033116834946	0.11308678984642029	8
21.855691	2.4384279251098633	2.483033116834946	0.11308678984642029	8
21.859018	2.4408984184265137	2.483033116834946	0.13275186717510223	8
21.879111	2.442964553833008	2.483033116834946	0.08543995022773743	8
21.901136	2.444669723510742	2.483033116834946	0.08493421226739883	8
21.927469	2.4465034008026123	2.483033116834946	0.10087241232395172	8
21.944823	2.4465034008026123	2.483033116834946	0.10087241232395172	8
21.964794	2.4465034008026123	2.483033116834946	0.10087241232395172	8
21.98538	2.4500248432159424	2.483033116834946	0.11741778999567032	8
22.012149	2.4517130851745605	2.483033116834946	0.0860278308391571	8
22.041199	2.453645944595337	2.483033116834946	0.09799621254205704	8
22.075243	2.453645944595337	2.483033116834946	0.09799621254205704	8
22.083019	2.455488920211792	2.483033116834946	0.08032245934009552	8
22.120063	2.4590721130371094	2.483033116834946	0.09203003346920013	8
22.175252	2.46374249458313	2.483033116834946	0.051468078047037125	8
22.186213	2.46374249458313	2.483033116834946	0.051468078047037125	8
22.219948	2.467233657836914	2.483033116834946	0.056440431624650955	8
22.251166	2.4698095321655273	2.483033116834946	0.08000986278057098	8
22.26471	2.4698095321655273	2.483033116834946	0.08000986278057098	8
22.28768	2.4749913215637207	2.483033116834946	0.21013472974300385	8
22.295345	2.4749913215637207	2.483033116834946	0.21013472974300385	8
22.312338	2.4762651920318604	2.483033116834946	0.0681220069527626	8
22.330927	2.477182149887085	2.483033116834946	0.0564129501581192	8
22.349041	2.477182149887085	2.483033116834946	0.0564129501581192	8
22.367491	2.4778378009796143	2.483033116834946	0.011187467724084854	8
22.395554	2.4780733585357666	2.483033116834946	-0.03496235981583595	8
22.404504	2.4780733585357666	2.483033116834946	-0.03496235981583595	8
22.42112	2.4783551692962646	2.483033116834946	0.026151496917009354	8
22.439067	2.4783551692962646	2.483033116834946	0.026151496917009354	8
22.441609	2.4785358905792236	2.483033116834946	0.01747249998152256	8
22.461664	2.478578805923462	2.483033116834946	-0.014446720480918884	8
22.492335	2.4789271354675293	2.483033116834946	0.07289085537195206	8
22.513231	2.4789271354675293	2.483033116834946	0.07289085537195206	8
22.521462	2.4792494773864746	2.483033116834946	0.07909068465232849	8
22.54014	2.4792494773864746	2.483033116834946	0.07909068465232849	8
22.543317	2.4794414043426514	2.483033116834946	0.09906009584665298	8
22.56309	2.479739189147949	2.483033116834946	-0.00039679964538663626	8
22.583132	2.4801557064056396	2.483033116834946	0.013119485229253769	8
22.594413	2.480393171310425	2.483033116834946	0.0018104348564520478	8
22.615735	2.4806134700775146	2.483033116834946	0.013874790631234646	8
22.622757	2.4806134700775146	2.483033116834946	0.013874790631234646	8
22.645541	2.4806134700775146	2.483033116834946	0.013874790631234646	8
22.667272	2.4814202785491943	2.483033116834946	0.1121237725019455	8
22.689655	2.481696844100952	2.483033116834946	0.07271484285593033	8
22.722999	2.4818902015686035	2.483033116834946	-0.06207406520843506	8
22.731944	2.4818902015686035	2.483033116834946	-0.06207406520843506	8
22.750731	2.4818902015686035	2.483033116834946	-0.06207406520843506	8
22.753389	2.482150077819824	2.483033116834946	-0.02332918718457222	8
22.775237	2.482402801513672	2.483033116834946	0.05977272614836693	8
22.793719	2.482487201690674	2.483033116834946	0.0547231063246727	8
22.813097	2.4827001094818115	2.483033116834946	0.04071042686700821	8
22.824201	2.482584238052368	2.483033116834946	-0.034013304859399796	8
22.841775	2.482584238052368	2.483033116834946	-0.034013304859399796	8
22.84855	2.482584238052368	2.483033116834946	-0.034013304859399796	8
22.851413	2.482454776763916	2.483033116834946	-0.05170378461480141	8
22.869172	2.4826247692108154	2.483033116834946	0.03125283494591713	8
22.887283	2.482910633087158	2.483033116834946	0.08257988095283508	8
22.906202	2.4828708171844482	2.483033116834946	0.02183809131383896	8
22.935373	2.4828708171844482	2.483033116834946	0.02183809131383896	8
22.937331	2.4840457439422607	2.483033116834946	0.09584841877222061	8
22.950696	2.4840457439422607	2.483033116834946	0.09584841877222061	8
22.961482	2.485175132751465	2.483033116834946	0.08690587431192398	8
22.98115	2.4852190017700195	2.483033116834946	-0.02186049334704876	8
23.000204	2.485342264175415	2.483033116834946	-0.0005145781324245036	8
23.021004	2.4852802753448486	2.483033116834946	0.0002286143135279417	8
23.030119	2.4852802753448486	2.483033116834946	0.0002286143135279417	8
23.032598	2.4852797985076904	2.483033116834946	-0.0009290189482271671	8
23.051799	2.4853451251983643	2.483033116834946	0.008408423513174057	8
23.059793	2.4853451251983643	2.483033116834946	0.008408423513174057	8
23.080197	2.4852540493011475	2.483033116834946	-0.03009152226150036	8
23.099699	2.4852781295776367	2.483033116834946	-0.01810726709663868	8
23.120255	2.485241651535034	2.483033116834946	-0.010529096238315105	8
23.133637	2.485304117202759	2.483033116834946	0.03540373593568802	8
23.153463	2.485214948654175	2.483033116834946	-0.010498356074094772	8
23.169258	2.485214948654175	2.483033116834946	-0.010498356074094772	8
23.182302	2.4852757453918457	2.483033116834946	0.021241120994091034	8
23.202622	2.485205888748169	2.483033116834946	-0.008927211165428162	8
23.221212	2.485285520553589	2.483033116834946	0.010973293334245682	8
23.23975	2.485285520553589	2.483033116834946	0.010973293334245682	8
23.252942	2.485219717025757	2.483033116834946	0.001720600062981248	8
23.27246	2.4852867126464844	2.483033116834946	0.011157691478729248	8
23.278391	2.4852867126464844	2.483033116834946	0.011157691478729248	8
23.299973	2.485215663909912	2.483033116834946	-0.007411951199173927	8
23.320886	2.485208034515381	2.483033116834946	0.0004512049781624228	8
23.339802	2.485208034515381	2.483033116834946	0.0004512049781624228	8
23.341768	2.4850876331329346	2.483033116834946	-0.025869835168123245	8
23.371772	2.4850311279296875	2.483033116834946	-0.010119311511516571	8
23.387488	2.4850311279296875	2.483033116834946	-0.010119311511516571	8
23.400049	2.48516845703125	2.483033116834946	0.012049894779920578	8
23.423846	2.4850516319274902	2.483033116834946	-0.017050208523869514	8
23.445118	2.4850516319274902	2.483033116834946	-0.017050208523869514	8
23.447652	2.4850971698760986	2.483033116834946	0.0027739221695810556	8
23.479124	2.4850552082061768	2.483033116834946	-0.018015064299106598	8
23.496803	2.4850552082061768	2.483033116834946	-0.018015064299106598	8
23.510884	2.4850480556488037	2.483033116834946	0.0004390942631289363	8
23.537725	2.485038995742798	2.483033116834946	0.00739048607647419	8
23.558546	2.485038995742798	2.483033116834946	0.00739048607647419	8
23.561233	2.485034704208374	2.483033116834946	-0.0034026107750833035	8
23.580821	2.4850358963012695	2.483033116834946	-0.0002426330465823412	8
23.60572	2.4850358963012695	2.483033116834946	-0.0002426330465823412	8
23.619115	2.485053300857544	2.483033116834946	0.0039036159869283438	8
23.652892	2.485053300857544	2.483033116834946	0.0039036159869283438	8
23.655576	2.484952688217163	2.483033116834946	-0.005700177978724241	8
23.674911	2.4850358963012695	2.483033116834946	0.030363431200385094	8
23.702142	2.484976053237915	2.483033116834946	0.01802341267466545	8
23.718007	2.484976053237915	2.483033116834946	0.01802341267466545	8
23.733409	2.484909772872925	2.483033116834946	-0.009181452915072441	8
23.777032	2.484909772872925	2.483033116834946	-0.009181452915072441	8
23.807508	2.484860420227051	2.483033116834946	-0.010202179662883282	8
23.829454	2.484860420227051	2.483033116834946	-0.010202179662883282	8
23.837492	2.48490834236145	2.483033116834946	-0.00207359716296196	8
23.851343	2.4848520755767822	2.483033116834946	-0.001011887565255165	8
23.870028	2.4848530292510986	2.483033116834946	0.0005713603459298611	8
23.889085	2.4848530292510986	2.483033116834946	0.0005713603459298611	8
23.891608	2.484922409057617	2.483033116834946	0.010218000039458275	8
23.913612	2.484851121902466	2.483033116834946	0.014125831425189972	8
23.938203	2.484851121902466	2.483033116834946	0.014125831425189972	8
23.941537	2.4848594665527344	2.483033116834946	0.0019720718264579773	8
23.963855	2.4847922325134277	2.483033116834946	0.002074518473818898	8
23.993217	2.4847309589385986	2.483033116834946	-0.0017439044313505292	8
24.006669	2.4846808910369873	2.483033116834946	-0.0020959447138011456	8
24.035087	2.4846808910369873	2.483033116834946	-0.0020959447138011456	8
24.037947	2.484729051589966	2.483033116834946	0.0023595013190060854	8
24.04778	2.484729051589966	2.483033116834946	0.0023595013190060854	8
24.066058	2.484715700149536	2.483033116834946	0.019884198904037476	8
24.085302	2.4846737384796143	2.483033116834946	0.009601466357707977	8
24.102832	2.484663963317871	2.483033116834946	0.010983549989759922	8
24.133008	2.484663963317871	2.483033116834946	0.010983549989759922	8
24.135629	2.484677791595459	2.483033116834946	0.010424759238958359	8
24.156889	2.484677791595459	2.483033116834946	0.010424759238958359	8
24.16286	2.4846279621124268	2.483033116834946	0.0034780206624418497	8
24.183059	2.484567403793335	2.483033116834946	-0.015287200920283794	8
24.20321	2.4845924377441406	2.483033116834946	-0.0050016725435853004	8
24.223217	2.4846696853637695	2.483033116834946	0.00023608654737472534	8
24.235323	2.484729051589966	2.483033116834946	0.018981745466589928	8
24.254128	2.4846839904785156	2.483033116834946	-0.0025923424400389194	8
24.266058	2.4846839904785156	2.483033116834946	-0.0025923424400389194	8
24.282476	2.4847331047058105	2.483033116834946	0.003389541059732437	8
24.30234	2.4846694469451904	2.483033116834946	0.00011780275963246822	8
24.322252	2.4845752716064453	2.483033116834946	-0.002187223406508565	8
24.35321	2.4845898151397705	2.483033116834946	0.016441090032458305	8
24.374716	2.4845898151397705	2.483033116834946	0.016441090032458305	8
24.38182	2.484510898590088	2.483033116834946	-0.013132131658494473	8
24.401286	2.4845242500305176	2.483033116834946	-0.0045378850772976875	8
24.421258	2.484484910964966	2.483033116834946	-0.0026640635915100574	8
24.439617	2.484484910964966	2.483033116834946	-0.0026640635915100574	8
24.442428	2.4844961166381836	2.483033116834946	-0.016004327684640884	8
24.472886	2.4844863414764404	2.483033116834946	9.265361586585641e-05	8
24.483748	2.4844863414764404	2.483033116834946	9.265361586585641e-05	8
24.501515	2.4844863414764404	2.483033116834946	2.5598565116524696e-05	8
24.522546	2.484501361846924	2.483033116834946	0.008174671791493893	8
24.541863	2.484501361846924	2.483033116834946	0.008174671791493893	8
24.545299	2.484426975250244	2.483033116834946	-0.016447635367512703	8
24.576798	2.484358310699463	2.483033116834946	-0.01694682240486145	8
24.59302	2.484358310699463	2.483033116834946	-0.01694682240486145	8
24.605758	2.4843719005584717	2.483033116834946	-0.018618546426296234	8
24.626536	2.4843688011169434	2.483033116834946	-0.0025159777142107487	8
24.645479	2.4843688011169434	2.483033116834946	-0.0025159777142107487	8
24.648001	2.484388589859009	2.483033116834946	0.007629851344972849	8
24.666536	2.4843692779541016	2.483033116834946	0.000427001912612468	8
24.67784	2.4843733310699463	2.483033116834946	0.009926492348313332	8
24.701837	2.4843733310699463	2.483033116834946	0.009926492348313332	8
24.707279	2.484361410140991	2.483033116834946	0.0019599595107138157	8
24.726891	2.4843668937683105	2.483033116834946	0.00681587029248476	8
24.744784	2.4843668937683105	2.483033116834946	0.00681587029248476	8
24.747259	2.484328508377075	2.483033116834946	-0.0004735959810204804	8
24.765932	2.4843027591705322	2.483033116834946	-0.00015228986740112305	8
24.795564	2.484274387359619	2.483033116834946	-0.01130860485136509	8
24.811878	2.484274387359619	2.483033116834946	-0.01130860485136509	8
24.830508	2.4842848777770996	2.483033116834946	0.01164942979812622	8
24.850012	2.4842848777770996	2.483033116834946	0.01164942979812622	8
24.852497	2.4842240810394287	2.483033116834946	0.016756800934672356	8
24.871564	2.4841957092285156	2.483033116834946	-0.004784690216183662	8
24.893126	2.4841814041137695	2.483033116834946	0.0009345635771751404	8
24.904652	2.484210252761841	2.483033116834946	0.012223124504089355	8
24.921612	2.484210252761841	15.519589840314444	0.012223124504089355	8
24.933584	2.4841809272766113	15.519589840314444	0.0018807861488312483	8
24.952585	2.4841809272766113	15.519589840314444	0.0018807861488312483	8
24.955173	2.4841771125793457	15.519589840314444	-0.016269762068986893	8
24.9738	2.484274387359619	15.519589840314444	0.020489541813731194	8
24.993885	2.484177589416504	15.519589840314444	-0.007885063998401165	8
25.020315	2.4841935634613037	15.519589840314444	0.008435430936515331	8
25.030275	2.4841935634613037	15.519589840314444	0.008435430936515331	8
25.047116	2.4841935634613037	15.519589840314444	0.008435430936515331	8
25.049894	2.4841811656951904	15.519589840314444	0.00010940525680780411	8
25.071228	2.4841811656951904	15.519589840314444	0.002162972930818796	8
25.088932	2.4841809272766113	15.519589840314444	-0.007536751218140125	8
25.109641	2.4842145442962646	15.519589840314444	0.011141856200993061	8
25.120853	2.7705259323120117	15.519589840314444	42.81488800048828	8
25.138762	2.7705259323120117	15.519589840314444	42.81488800048828	8
25.146882	2.7705259323120117	15.519589840314444	42.81488800048828	8
25.149507	3.864816188812256	15.519589840314444	55.64532470703125	8
25.167955	4.959859371185303	15.519589840314444	54.87900161743164	8
25.188022	6.061450481414795	15.519589840314444	55.06586837768555	8
25.207454	7.156124114990234	15.519589840314444	54.856632232666016	8
25.235814	7.156124114990234	15.519589840314444	54.856632232666016	8
25.237792	9.344744682312012	15.519589840314444	54.492881774902344	8
25.247502	9.344744682312012	15.519589840314444	54.492881774902344	8
25.262449	10.438350677490234	15.519589840314444	54.731590270996094	8
25.28127	11.527982711791992	15.519589840314444	54.313697814941406	8
25.3002	12.546696662902832	15.519589840314444	46.19331359863281	8
25.331176	12.546696662902832	15.519589840314444	46.19331359863281	8
25.333676	13.93064022064209	15.519589840314444	26.408588409423828	8
25.355825	13.93064022064209	15.519589840314444	26.408588409423828	8
25.360348	14.376819610595703	15.519589840314444	19.870132446289062	8
25.38025	14.704862594604492	15.519589840314444	14.147045135498047	8
25.400435	14.945245742797852	15.519589840314444	10.559919357299805	8
25.421039	15.1210355758667	15.519589840314444	7.947268009185791	8
25.433128	15.1210355758667	15.519589840314444	7.947268009185791	8
25.453135	15.335721969604492	15.519589840314444	3.69760799407959	8
25.464493	15.335721969604492	15.519589840314444	3.69760799407959	8
25.481144	15.400381088256836	15.519589840314444	2.787490129470825	8
25.504257	15.445544242858887	15.519589840314444	1.9269160032272339	8
25.524077	15.47742748260498	15.519589840314444	1.457543134689331	8
25.557197	15.515523910522461	15.519589840314444	0.6800315380096436	8
25.573419	15.515523910522461	15.515523910522461	0.6800315380096436	8
25.586613	15.525357246398926	15.515523910522461	0.40716296434402466	8
25.607916	15.531658172607422	15.515523910522461	0.2829699218273163	8
25.631081	15.535862922668457	15.515523910522461	0.17327775061130524	8
25.65027	15.535862922668457	15.515523910522461	0.17327775061130524	8
25.652763	15.538320541381836	15.515523910522461	0.08316951245069504	8
25.664518	15.539468765258789	15.515523910522461	0.01197735220193863	8
25.682442	15.539468765258789	15.514299507060889	0.01197735220193863	8
25.708864	15.540369987487793	15.514299507060889	-0.019217288121581078	8
25.73348	15.540544509887695	15.514299507060889	-0.010009297169744968	8
25.75663	15.540544509887695	15.514299507060889	-0.010009297169744968	8
25.759294	15.540594100952148	15.514299507060889	0.08287150412797928	8
25.79215	15.540594100952148	15.528088569641113	0.08287150412797928	8
25.798341	15.539969444274902	15.528088569641113	-0.1316232830286026	8
25.819077	15.54023551940918	15.528088569641113	0.11428029835224152	8
25.836197	15.539504051208496	15.528088569641113	0.033980730921030045	8
25.854561	15.539504051208496	15.528088569641113	0.033980730921030045	8
25.857209	15.538921356201172	15.528088569641113	-0.19785341620445251	8
25.875851	15.539495468139648	15.528088569641113	0.10120648145675659	8
25.887604	15.538804054260254	15.528088569641113	0.0980716347694397	8
25.900806	15.538804054260254	15.528088569641113	0.0980716347694397	8
25.915794	15.53809642791748	15.528088569641113	-0.20861580967903137	8
25.945836	15.53809642791748	15.528088569641113	-0.20861580967903137	8
25.948447	15.537993431091309	15.528088569641113	0.1074136421084404	8
25.966485	15.537284851074219	15.528088569641113	-0.12603822350502014	8
25.996108	15.537677764892578	15.528088569641113	0.07951772212982178	8
26.009555	15.537677764892578	15.528088569641113	0.07951772212982178	8
26.024096	15.537686347961426	15.528088569641113	0.015429684892296791	8
26.042507	15.537686347961426	15.528088569641113	0.015429684892296791	8
26.045146	15.537932395935059	15.528088569641113	-0.044525135308504105	8
26.06374	15.5380859375	15.528088569641113	-0.04069553688168526	8
26.083746	15.538434982299805	15.528088569641113	0.03889809176325798	8
26.095491	15.538324356079102	15.528088569641113	0.025499150156974792	8
26.118304	15.538324356079102	15.528088569641113	0.025499150156974792	8
26.123557	15.538168907165527	15.528088569641113	-0.020129140466451645	8
26.141957	15.538168907165527	15.528088569641113	-0.020129140466451645	8
26.144549	15.538073539733887	15.528088569641113	-0.05822116509079933	8
26.162633	15.538233757019043	15.528088569641113	0.037006571888923645	8
26.182295	15.538278579711914	15.528088569641113	0.10964880138635635	8
26.212932	15.53800106048584	15.528088569641113	-0.05665561184287071	8
26.227336	15.53800106048584	15.528088569641113	-0.05665561184287071	8
26.245663	15.53800106048584	15.528088569641113	-0.05665561184287071	8
26.248241	15.53791332244873	15.528088569641113	-0.023425092920660973	8
26.267564	15.537896156311035	15.528088569641113	0.006843827199190855	8
26.286893	15.537863731384277	15.528088569641113	0.07456960529088974	8
26.319302	15.537416458129883	15.528088569641113	-0.08674105256795883	8
26.336663	15.537416458129883	15.514299507060889	-0.08674105256795883	8
26.346655	15.537416458129883	15.514299507060889	-0.08674105256795883	8
26.349349	15.537494659423828	15.514299507060889	-0.1235925480723381	8
26.368664	15.53772258758545	15.514299507060889	0.0936458632349968	8
26.389361	15.5374755859375	15.514299507060889	0.08570357412099838	8
26.410349	15.536895751953125	15.514299507060889	-0.13878896832466125	8
26.43409	15.536895751953125	15.514299507060889	-0.13878896832466125	8
26.436712	15.53705883026123	15.514299507060889	0.05912824720144272	8
26.445388	15.53705883026123	15.514299507060889	0.05912824720144272	8
26.463126	15.536892890930176	15.514299507060889	0.03141394630074501	8
26.483281	15.536638259887695	15.514299507060889	-0.030273139476776123	8
26.503798	15.53646183013916	15.514299507060889	-0.060320399701595306	8
26.534299	15.53646183013916	15.514299507060889	-0.060320399701595306	8
26.537033	15.536231994628906	15.514299507060889	-0.01692356914281845	8
26.553894	15.536231994628906	15.514299507060889	-0.01692356914281845	8
26.564353	15.535551071166992	15.514299507060889	-0.010533764958381653	8
26.585909	15.534639358520508	15.514299507060889	-0.044315628707408905	8
26.60598	15.533574104309082	15.514299507060889	-0.055154360830783844	8
26.626509	15.532258987426758	15.514299507060889	-0.06787436455488205	8
26.638162	15.532258987426758	15.514299507060889	-0.06787436455488205	8
26.662425	15.532258987426758	15.514299507060889	-0.06787436455488205	8
26.666423	15.529900550842285	15.514299507060889	-0.09093204885721207	8
26.688315	15.52901840209961	15.514299507060889	-0.047846272587776184	8
26.707531	15.528400421142578	15.514299507060889	-0.040200114250183105	8
26.731902	15.527652740478516	15.514299507060889	-0.032840803265571594	8
26.763225	15.526007652282715	15.514299507060889	-0.05496623367071152	8
26.771999	15.526007652282715	15.522536754608154	-0.05496623367071152	8
26.790291	15.525588035583496	15.522536754608154	-0.050168994814157486	8
26.810124	15.525395393371582	15.522536754608154	0.030802983790636063	8
26.829975	15.524874687194824	15.522536754608154	-0.0014068175805732608	8
26.848983	15.524874687194824	15.522536754608154	-0.0014068175805732608	8
26.851496	15.524096488952637	15.522536754608154	-0.08142698556184769	8
26.863494	15.523884773254395	15.522536754608154	-0.05638837814331055	8
26.880295	15.523884773254395	15.522536754608154	-0.05638837814331055	8
26.89064	15.523703575134277	15.522536754608154	0.06900768727064133	8
26.910674	15.522808074951172	15.522536754608154	-0.0881725400686264	8
26.927464	15.522387504577637	15.522536754608154	-0.11466772854328156	8
26.9459	15.522387504577637	15.522536754608154	-0.11466772854328156	8
26.948469	15.522279739379883	15.522536754608154	0.03418835252523422	8
26.978341	15.52148151397705	15.522536754608154	-0.12596648931503296	8
26.989237	15.52148151397705	15.522536754608154	-0.12596648931503296	8
27.005495	15.521977424621582	15.522536754608154	-0.01818452961742878	8
27.025631	15.522130966186523	15.522536754608154	0.09200211614370346	8
27.043545	15.522130966186523	15.522536754608154	0.09200211614370346	8
27.046182	15.521994590759277	15.522536754608154	-0.003738782601431012	8
27.064941	15.521993637084961	15.522536754608154	-0.03646731749176979	8
27.074863	15.522171020507812	15.522536754608154	-0.024410411715507507	8
27.097774	15.522171020507812	15.522536754608154	-0.024410411715507507	8
27.106549	15.522175788879395	15.522536754608154	-0.06745986640453339	8
27.135468	15.522305488586426	15.522536754608154	-0.032759714871644974	8
27.164721	15.522305488586426	15.522536754608154	-0.032759714871644974	8
27.169339	15.522530555725098	15.522536754608154	0.0703917071223259	8
27.196877	15.522493362426758	15.522536754608154	0.08288446068763733	8
27.205932	15.522493362426758	15.522536754608154	0.08288446068763733	8
27.219144	15.522278785705566	15.522536754608154	-0.06845453381538391	8
27.250271	15.522359848022461	15.522536754608154	-0.025745006278157234	8
27.277173	15.522409439086914	15.522536754608154	-0.0007324760663323104	8
27.296042	15.522409439086914	15.522536754608154	-0.0007324760663323104	1
27.314106	15.522409439086914	15.522536754608154	-0.0007324760663323104	1
27.327336	15.522418022155762	15.522536754608154	3.027718048542738e-05	1
27.353091	15.522418022155762	15.522536754608154	3.027752973139286e-05	1
27.370205	15.52241325378418	15.522536754608154	-0.0009355031652376056	1
27.383134	15.52241325378418	15.522536754608154	-0.0009355031652376056	1
27.42103	15.52241325378418	15.522536754608154	-0.0009355031652376056	1
27.426818	15.522418022155762	15.522536754608154	0.00024820840917527676	1
27.469959	15.522418022155762	15.522536754608154	2.469075843691826e-05	1
27.490906	15.522418022155762	15.522536754608154	0.00012154842261224985	1
27.522366	15.522417068481445	15.522536754608154	0.001112475642003119	1
27.528727	15.522417068481445	15.522536754608154	0.001112475642003119	1
27.549785	15.522417068481445	15.522536754608154	0.001112475642003119	1
27.551376	15.522418022155762	15.522536754608154	5.8218021877110004e-05	1
27.569065	15.522418022155762	15.522536754608154	0.00090572121553123	1
27.590732	15.522417068481445	15.522536754608154	0.0019599772058427334	1
27.612133	15.522418022155762	15.522536754608154	2.655130811035633e-05	1
27.626699	15.5224027633667	15.522536754608154	-0.006483393721282482	1
27.635923	15.5224027633667	15.522536754608154	-0.006483393721282482	1
27.651289	15.5224027633667	15.522536754608154	-0.006483393721282482	1
27.653185	15.522418022155762	15.522536754608154	0.00040187372360378504	1
27.671036	15.522408485412598	15.522536754608154	-0.003056127578020096	1
27.688968	15.522418022155762	15.522536754608154	0.0017159670824185014	1
27.707208	15.522415161132812	15.522536754608154	0.0007902311044745147	1
27.736192	15.522415161132812	15.522536754608154	0.0007902311044745147	1
27.742427	15.522415161132812	15.522536754608154	0.0007902311044745147	1
27.760925	15.522418022155762	15.522536754608154	0.0023781335912644863	1
27.779029	15.522418022155762	15.522536754608154	4.1444553062319756e-05	1
27.796648	15.522418022155762	15.522536754608154	0.0004288738127797842	1
27.827198	15.522418022155762	15.522536754608154	0.0004288738127797842	1
27.82973	15.522418022155762	15.522536754608154	0.0032330849207937717	1
27.849454	15.522418022155762	15.522536754608154	0.0032330849207937717	1
27.854887	15.522408485412598	15.522536754608154	-0.0007362150936387479	1
27.875708	15.522418022155762	15.522536754608154	0.002790702972561121	1
27.897131	15.522418022155762	15.522536754608154	0.0013266629539430141	1
27.918312	15.522393226623535	15.522536754608154	-0.006057794205844402	1
27.932262	15.522393226623535	15.522536754608154	-0.006057794205844402	1
27.93488	15.522414207458496	15.522536754608154	0.0007762506138533354	1
27.956824	15.522414207458496	15.522536754608154	0.0007762506138533354	1
27.960937	15.522416114807129	15.522536754608154	0.0025010593235492706	1
27.981479	15.522404670715332	15.522536754608154	-0.0024843106511980295	1
28.002929	15.522417068481445	15.522536754608154	0.005673145409673452	1
28.023603	15.522411346435547	15.522536754608154	0.0012000029673799872	1
28.038075	15.522411346435547	15.522536754608154	0.0012000029673799872	1
28.039399	15.522418022155762	15.522536754608154	0.0035115452483296394	1
28.058048	15.522414207458496	15.522536754608154	0.003916670102626085	1
28.063861	15.522414207458496	15.522536754608154	0.003916670102626085	1
28.083168	15.522394180297852	15.522536754608154	-0.004480133764445782	1
28.102563	15.522418022155762	15.522536754608154	0.0050668553449213505	1
28.121617	15.522403717041016	15.522536754608154	-0.0009867416229099035	1
28.153372	15.5223970413208	15.522536754608154	-0.00549248605966568	1
28.170333	15.5223970413208	15.522536754608154	-0.00549248605966568	1
28.177851	15.522404670715332	15.522536754608154	-0.002273833379149437	1
28.197183	15.522392272949219	15.522536754608154	-0.005541843827813864	1
28.216196	15.522404670715332	15.522536754608154	0.00029103102860972285	1
28.233502	15.522404670715332	15.522536754608154	0.00029103102860972285	1
28.235995	15.522405624389648	15.522536754608154	0.003456596750766039	1
28.248564	15.522390365600586	15.522536754608154	-0.004531358368694782	1
28.267809	15.522418022155762	15.522536754608154	0.006306440569460392	1
28.277134	15.522418022155762	15.522536754608154	0.006306440569460392	1
28.295729	15.52239990234375	15.522536754608154	-0.0018007222097367048	1
28.316291	15.5223970413208	15.522536754608154	-0.0004186415171716362	1
28.335358	15.5223970413208	15.522536754608154	-0.0004186415171716362	1
28.337873	15.522397994995117	15.522536754608154	-0.0030002701096236706	1
28.370428	15.522408485412598	15.522536754608154	0.0037266735453158617	1
28.385984	15.522408485412598	15.522536754608154	0.0037266735453158617	1
28.398839	15.522405624389648	15.522536754608154	0.003610255429521203	1
28.41967	15.52238941192627	15.522536754608154	-0.008234309032559395	1
28.438144	15.52238941192627	15.522536754608154	-0.008234309032559395	1
28.441369	15.52238655090332	15.522536754608154	-0.005149768199771643	1
28.494383	15.52238655090332	15.522536754608154	-0.005149768199771643	1
28.498966	15.522397994995117	15.522536754608154	-9.082380711333826e-05	1
28.521673	15.522369384765625	15.522536754608154	-0.011709071695804596	1
28.540715	15.522369384765625	15.522536754608154	-0.011709071695804596	1
28.543239	15.52239990234375	15.522536754608154	0.0018519164295867085	1
28.56362	15.522390365600586	15.522536754608154	-0.0031669856980443	1
28.602622	15.522390365600586	15.522536754608154	-0.0031669856980443	1
28.605851	15.52228832244873	15.522536754608154	-0.024421634152531624	1
28.626915	15.522331237792969	15.522536754608154	0.013946996070444584	1
28.6456	15.522331237792969	15.522536754608154	0.013946996070444584	8
28.648108	15.52219009399414	15.522536754608154	-0.009414300322532654	8
28.667775	15.522161483764648	15.522536754608154	-0.03601938858628273	8
28.701585	15.52245044708252	15.522536754608154	0.020407594740390778	8
28.711346	15.52245044708252	15.522536754608154	0.020407594740390778	8
28.729128	15.522420883178711	15.522536754608154	0.0313599519431591	8
28.74735	15.522420883178711	15.522536754608154	0.0313599519431591	8
28.750039	15.522357940673828	15.522536754608154	0.009919042699038982	8
28.769015	15.522466659545898	15.522536754608154	0.023894470185041428	8
28.786678	15.52243423461914	15.522536754608154	0.028298692777752876	8
28.798063	15.522468566894531	15.522536754608154	0.02724350430071354	8
28.819402	15.522468566894531	15.522536754608154	0.02724350430071354	8
28.823882	15.522407531738281	15.522536754608154	0.01540080551058054	8
28.847177	15.522407531738281	15.522536754608154	0.01540080551058054	8
28.849778	15.52235221862793	15.522536754608154	-0.006046624854207039	8
28.867595	15.52239990234375	15.522536754608154	-0.0015017696423456073	8
28.887539	15.522287368774414	15.522536754608154	-0.02563699707388878	8
28.900239	15.522253036499023	15.522536754608154	-0.03708481416106224	8
28.919148	15.522485733032227	15.522536754608154	-0.0035143571440130472	8
28.927696	15.522485733032227	15.522536754608154	-0.0035143571440130472	8
28.9456	15.522485733032227	15.522536754608154	-0.0035143571440130472	8
28.948251	15.522550582885742	15.522536754608154	0.017333298921585083	8
28.966845	15.522602081298828	15.522536754608154	0.05581088736653328	8
28.986602	15.522555351257324	15.522536754608154	0.04485480487346649	8
29.006823	15.522444725036621	15.522536754608154	-0.004879682324826717	8
29.035545	15.522444725036621	15.522536754608154	-0.004879682324826717	8
29.039875	15.522444725036621	15.522536754608154	-0.004879682324826717	8
29.042407	15.522406578063965	15.522536754608154	0.01332580391317606	8
29.060914	15.522383689880371	15.522536754608154	0.018857860937714577	8
29.079735	15.522390365600586	15.522536754608154	0.0016246753511950374	8
29.099768	15.522321701049805	15.522536754608154	-0.009597762487828732	8
29.131025	15.522321701049805	15.522536754608154	-0.009597762487828732	8
29.133632	15.522282600402832	15.522536754608154	-0.052865151315927505	8
29.143388	15.522282600402832	15.522536754608154	-0.052865151315927505	8
29.16375	15.522318840026855	15.522536754608154	-0.02251800335943699	8
29.184878	15.522278785705566	15.522536754608154	-0.03790438175201416	8
29.206517	15.522326469421387	15.522536754608154	-0.055950623005628586	8
29.239651	15.522326469421387	15.522536754608154	-0.055950623005628586	8
29.242278	15.522518157958984	15.522536754608154	-0.001649865647777915	8
29.251547	15.522518157958984	65.52251815795898	-0.001649865647777915	8
29.270276	15.52248477935791	65.52251815795898	0.007870107889175415	8
29.289644	15.522533416748047	65.52251815795898	0.011755584739148617	8
29.309893	15.522621154785156	65.52251815795898	0.03280254453420639	8
29.332277	15.522655487060547	65.52251815795898	0.0681285411119461	8
29.342425	15.522655487060547	65.52251815795898	0.0681285411119461	8
29.360341	15.522655487060547	15.522655487060545	0.0681285411119461	8
29.369943	15.522507667541504	15.522655487060545	0.06743562966585159	8
29.388644	15.522461891174316	15.522655487060545	0.050059009343385696	8
29.407117	15.52243709564209	15.522655487060545	0.047051772475242615	8
29.426134	15.522455215454102	15.522655487060545	0.010774893686175346	8
29.4392	15.52472972869873	15.522655487060545	1.0730386972427368	8
29.456787	16.38744354248047	15.522655487060545	55.6475944519043	8
29.468479	16.38744354248047	15.522655487060545	55.6475944519043	8
29.48261	17.486936569213867	15.522655487060545	54.623687744140625	8
29.501869	18.579545974731445	15.522655487060545	54.74827575683594	8
29.520346	19.669771194458008	15.522655487060545	54.65708541870117	8
29.538297	19.669771194458008	15.522655487060545	54.65708541870117	8
29.551702	21.716575622558594	15.522655487060545	25.99576759338379	8
29.576336	21.716575622558594	15.522655487060545	25.99576759338379	8
29.578801	21.646299362182617	15.522655487060545	-20.931884765625	8
29.599084	20.963327407836914	15.522655487060545	-40.438751220703125	8
29.619462	20.072744369506836	15.522655487060545	-45.48487091064453	8
29.638434	20.072744369506836	15.522655487060545	-45.48487091064453	8
29.640922	19.188920974731445	15.522655487060545	-42.91240310668945	8
29.671208	17.73951530456543	15.522655487060545	-30.03495216369629	8
29.685241	17.73951530456543	15.522655487060545	-30.03495216369629	8
29.700203	17.20665740966797	15.522655487060545	-24.251934051513672	8
29.721303	16.78980255126953	15.522655487060545	-18.673032760620117	8
29.739561	16.78980255126953	15.522655487060545	-18.673032760620117	8
29.742119	16.468446731567383	15.522655487060545	-14.385788917541504	8
29.772898	16.045021057128906	15.522655487060545	-7.764010906219482	8
29.793731	16.045021057128906	-33.9549789428711	-7.764010906219482	8
29.801301	15.908392906188965	-33.9549789428711	-6.485569953918457	8
29.821446	15.809611320495605	-33.9549789428711	-4.411853313446045	8
29.840913	15.809611320495605	-33.9549789428711	-4.411853313446045	8
29.843399	15.737001419067383	-33.9549789428711	-3.210420608520508	8
29.862846	15.68369197845459	-33.9549789428711	-2.3729474544525146	8
29.873306	15.645289421081543	-33.9549789428711	-1.6239545345306396	8
29.893138	15.617676734924316	-33.9549789428711	-1.1928317546844482	8
29.902158	15.617676734924316	-34.38232326507568	-1.1928317546844482	8
29.921804	15.597596168518066	-34.38232326507568	-0.8579913377761841	8
29.941367	15.597596168518066	-34.38232326507568	-0.8579913377761841	8
29.943988	15.58256721496582	-34.38232326507568	-0.6924557685852051	8
29.963839	15.571305274963379	-34.38232326507568	-0.5047065615653992	8
29.997613	14.777958869934082	-34.38232326507568	-56.51271057128906	8
30.010926	14.777958869934082	-35.222041130065925	-56.51271057128906	8
30.028649	13.651650428771973	-35.222041130065925	-56.20503616333008	8
30.04756	13.651650428771973	-35.222041130065925	-56.20503616333008	8
30.050221	12.531582832336426	-35.222041130065925	-55.926422119140625	8
30.070443	11.424359321594238	-35.222041130065925	-55.47410202026367	8
30.089814	10.311615943908691	-35.222041130065925	-55.63143539428711	8
30.100637	9.200182914733887	-35.222041130065925	-55.6530876159668	8
30.119327	9.200182914733887	-8.006851314102091	-55.6530876159668	8
30.127945	8.09278392791748	-8.006851314102091	-55.48647689819336	8
30.145402	8.09278392791748	-8.006851314102091	-55.48647689819336	8
30.147853	6.981749057769775	-8.006851314102091	-55.35077667236328	8
30.166314	5.87158203125	-8.006851314102091	-55.37324523925781	8
30.185073	4.7629899978637695	-8.006851314102091	-55.43328857421875	8
30.213692	2.5495500564575195	-8.006851314102091	-55.250675201416016	8
30.227341	2.5495500564575195	-8.006851314102091	-55.250675201416016	8
30.239159	2.5495500564575195	-8.006851314102091	-55.250675201416016	8
30.241742	1.4415899515151978	-8.006851314102091	-55.53425216674805	8
30.260258	0.3319108486175537	-8.006851314102091	-55.48819351196289	8
30.279406	-0.7749723196029663	-8.006851314102091	-55.38791275024414	8
30.313523	-2.9933128356933594	-8.006851314102091	-55.23857498168945	8
30.335797	-2.9933128356933594	-8.006851314102091	-55.23857498168945	8
30.341315	-2.9933128356933594	-8.006851314102091	-55.23857498168945	8
30.344633	-4.1008524894714355	-8.006851314102091	-55.34670639038086	8
30.36663	-5.2071943283081055	-8.006851314102091	-54.56386184692383	8
30.386902	-6.082691669464111	-8.006851314102091	-37.8725471496582	8
30.407546	-6.696334362030029	-8.006851314102091	-26.38754653930664	8
30.438566	-6.696334362030029	-8.006851314102091	-26.38754653930664	8
30.444001	-6.696334362030029	43.303665637969964	-26.38754653930664	8
30.448422	-7.421641826629639	43.303665637969964	-12.786378860473633	8
30.467192	-7.6266021728515625	43.303665637969964	-8.42032241821289	8
30.48652	-7.768495559692383	43.303665637969964	-6.1426897048950195	8
30.506505	-7.866027355194092	43.303665637969964	-4.120523929595947	8
30.536163	-7.866027355194092	43.303665637969964	-4.120523929595947	8
30.538795	-7.978498935699463	43.303665637969964	-1.9679850339889526	8
30.553076	-7.978498935699463	42.021501064300544	-1.9679850339889526	8
30.566124	-8.008944511413574	42.021501064300544	-1.1991899013519287	8
30.585789	-8.02805233001709	42.021501064300544	-0.7915242314338684	8
30.606746	-8.040000915527344	42.021501064300544	-0.47883081436157227	8
30.625407	-8.047430038452148	42.021501064300544	-0.3167210817337036	8
30.637079	-8.047430038452148	42.021501064300544	-0.3167210817337036	8
30.641403	-7.85679817199707	42.021501064300544	33.946075439453125	8
30.661457	-7.85679817199707	-7.856798171997072	33.946075439453125	8
30.672836	-6.771169185638428	-7.856798171997072	55.57121276855469	8
30.697354	-5.669888496398926	-7.856798171997072	55.017662048339844	8
30.716698	-4.566772937774658	-7.856798171997072	55.01052474975586	8
30.735894	-3.4691460132598877	-7.856798171997072	54.89379119873047	8
30.76332	-1.2761385440826416	-7.856798171997072	54.6537971496582	8
30.769526	-1.2761385440826416	-7.856798171997072	54.6537971496582	8
30.789517	-0.18060481548309326	-7.856798171997072	54.81147003173828	8
30.810405	0.9110747575759888	-7.856798171997072	54.791351318359375	8
30.832378	2.0046772956848145	-7.856798171997072	54.83060836791992	8
30.850401	2.0046772956848145	-7.856798171997072	54.83060836791992	8
30.853025	3.0950894355773926	-7.856798171997072	54.419586181640625	8
30.87772	3.0950894355773926	-7.856798171997072	54.419586181640625	8
30.88377	3.5511443614959717	-7.856798171997072	-37.17847442626953	8
30.903726	2.6658689975738525	-7.856798171997072	-45.73244094848633	8
30.923873	1.6740964651107788	-7.856798171997072	-50.9864501953125	8
30.942382	1.6740964651107788	-7.856798171997072	-50.9864501953125	8
30.944921	0.6150563955307007	-7.856798171997072	-54.199954986572266	8
30.957546	-0.49121421575546265	-7.856798171997072	-55.91965866088867	8
30.975949	-1.6135843992233276	-7.856798171997072	-56.34079360961914	8
30.986211	-1.6135843992233276	-7.856798171997072	-56.34079360961914	8
31.005022	-2.734762668609619	-7.856798171997072	-56.045127868652344	8
31.023532	-3.8120851516723633	-7.856798171997072	-51.463134765625	8
31.041176	-3.8120851516723633	-7.856798171997072	-51.463134765625	8
31.072624	-6.0717315673828125	-7.856798171997072	-26.624547958374023	8
31.094962	-6.0717315673828125	43.92826843261718	-26.624547958374023	8
31.100768	-6.528677940368652	43.92826843261718	-20.388736724853516	8
31.121564	-6.8758697509765625	43.92826843261718	-15.300271034240723	8
31.140463	-6.8758697509765625	43.92826843261718	-15.300271034240723	8
31.142983	-7.13601016998291	43.92826843261718	-11.461079597473145	8
31.162539	-7.328817844390869	43.92826843261718	-8.503153800964355	8
31.192773	-7.576125144958496	43.92826843261718	-4.845826148986816	8
31.203611	-7.576125144958496	42.42387485504151	-4.845826148986816	8
31.220813	-7.652009010314941	42.42387485504151	-3.543872833251953	8
31.240276	-7.652009010314941	42.42387485504151	-3.543872833251953	8
31.242896	-7.705931663513184	42.42387485504151	-2.4357147216796875	8
31.262601	-7.744413375854492	42.42387485504151	-1.7333848476409912	8
31.29547	-7.1303534507751465	42.42387485504151	54.73966598510742	8
31.312011	-7.1303534507751465	42.869646549224846	54.73966598510742	8
31.324002	-6.017900466918945	42.869646549224846	54.932395935058594	8
31.342288	-6.017900466918945	42.869646549224846	54.932395935058594	8
31.34489	-4.91868782043457	42.869646549224846	54.92583465576172	8
31.363622	-3.8239781856536865	42.869646549224846	54.63844680786133	8
31.383516	-2.731231451034546	42.869646549224846	54.51816940307617	8
31.395819	-1.638014554977417	42.869646549224846	54.706302642822266	8
31.414478	-0.5462661981582642	42.869646549224846	54.44422912597656	8
31.420448	-0.5462661981582642	49.45373380184174	54.44422912597656	8
31.44172	-0.5462661981582642	49.45373380184174	54.44422912597656	8
31.444202	0.5429751873016357	49.45373380184174	54.31299591064453	8
31.461676	1.6336405277252197	49.45373380184174	54.49903106689453	8
31.480422	2.72308349609375	49.45373380184174	54.580543518066406	8
31.511859	4.899199962615967	49.45373380184174	54.52294921875	8
31.529452	4.899199962615967	21.41448880434036	54.52294921875	8
31.539714	4.899199962615967	21.41448880434036	54.52294921875	8
31.54237	5.989721775054932	21.41448880434036	54.719200134277344	8
31.563657	7.082130432128906	21.41448880434036	54.738983154296875	8
31.583952	8.172770500183105	21.41448880434036	54.538021087646484	8
31.604962	9.26161003112793	21.41448880434036	54.38433837890625	8
31.615978	10.350666999816895	21.41448880434036	54.37116622924805	8
31.637176	10.350666999816895	21.41448880434036	54.37116622924805	8
31.642289	10.350666999816895	21.41448880434036	54.37116622924805	8
31.644902	11.439865112304688	21.41448880434036	54.415748596191406	8
31.664814	12.528820991516113	21.41448880434036	54.34489822387695	8
31.6847	13.61993408203125	21.41448880434036	54.57742691040039	8
31.70525	14.710973739624023	21.41448880434036	54.421146392822266	8
31.717716	15.800667762756348	21.41448880434036	54.6568717956543	8
31.733856	15.800667762756348	21.41448880434036	54.6568717956543	8
31.745013	15.800667762756348	21.41448880434036	54.6568717956543	8
31.76073	17.975614547729492	21.41448880434036	54.22718811035156	8
31.779131	19.04762840270996	21.41448880434036	50.43068313598633	8
31.798255	19.84228515625	21.41448880434036	33.47063446044922	8
31.832874	19.84228515625	21.41448880434036	33.47063446044922	8
31.835602	20.729331970214844	21.41448880434036	14.824922561645508	8
31.853106	20.729331970214844	-29.27066802978515	14.824922561645508	8
31.863361	20.967130661010742	-29.27066802978515	10.091903686523438	8
31.884624	21.12617301940918	-29.27066802978515	6.504037857055664	8
31.905975	21.230087280273438	-29.27066802978515	3.7544760704040527	8
31.926818	21.30228042602539	-29.27066802978515	3.0227339267730713	8
31.939045	21.30228042602539	-29.27066802978515	3.0227339267730713	8
31.941611	21.349735260009766	-29.27066802978515	2.040947675704956	8
31.961721	21.349735260009766	-28.650264739990234	2.040947675704956	8
31.968667	21.3800048828125	-28.650264739990234	1.2145261764526367	8
31.988743	21.399688720703125	-28.650264739990234	0.8384721279144287	8
32.008894	21.41306495666504	-28.650264739990234	0.5500229001045227	8
32.027818	21.421781539916992	-28.650264739990234	0.39287129044532776	8
32.056476	20.607179641723633	-28.650264739990234	-56.52935028076172	8
32.070448	20.607179641723633	2.8540271796955476	-56.52935028076172	8
32.082665	19.481489181518555	2.8540271796955476	-55.98981857299805	8
32.100792	18.36336326599121	2.8540271796955476	-55.70855712890625	8
32.121178	17.25799560546875	2.8540271796955476	-56.080753326416016	8
32.140199	17.25799560546875	2.8540271796955476	-56.080753326416016	8
32.142748	16.146547317504883	2.8540271796955476	-55.65684509277344	8
32.154423	15.031877517700195	2.8540271796955476	-55.56887435913086	8
32.178747	15.031877517700195	2.8540271796955476	-55.56887435913086	8
32.181281	13.921050071716309	2.8540271796955476	-55.45941162109375	8
32.201768	12.807610511779785	2.8540271796955476	-55.604496002197266	8
32.219325	11.697341918945312	2.8540271796955476	-55.45062255859375	8
32.238343	11.697341918945312	2.8540271796955476	-55.45062255859375	8
32.24082	10.588452339172363	2.8540271796955476	-55.61627960205078	8
32.275554	8.371480941772461	2.8540271796955476	-55.28281021118164	8
32.287026	8.371480941772461	2.8540271796955476	-55.28281021118164	8
32.31301	7.261611461639404	2.8540271796955476	-55.45181655883789	8
32.336352	6.152864456176758	2.8540271796955476	-55.45812225341797	8
32.365941	6.152864456176758	2.8540271796955476	-55.45812225341797	8
32.369166	5.217801570892334	2.8540271796955476	-40.89835739135742	8
32.398209	5.217801570892334	2.8540271796955476	-40.89835739135742	8
32.423423	4.031469345092773	2.8540271796955476	-21.86602210998535	8
32.452378	3.67012357711792	2.8540271796955476	-15.783679962158203	8
32.474022	3.4105093479156494	2.8540271796955476	-11.495671272277832	8
32.498038	3.4105093479156494	2.8540271796955476	-11.495671272277832	8
32.50079	3.2247977256774902	2.8540271796955476	-8.308712005615234	8
32.50827	3.2247977256774902	2.8540271796955476	-8.308712005615234	8
32.58557	3.2247977256774902	2.8540271796955476	-8.308712005615234	8
32.600313	2.8404369354248047	2.8540271796955476	-0.9041491150856018	8
32.616549	2.8404369354248047	2.8540271796955476	-0.9041491150856018	8
32.655067	2.8404369354248047	2.8540271796955476	-0.9041491150856018	8
32.657043	2.813535213470459	2.8540271796955476	-0.1293807327747345	8
32.675897	2.81239652633667	2.8540271796955476	-0.01574075222015381	8
32.693345	2.8120758533477783	2.8540271796955476	-0.008692506700754166	8
32.705103	2.812129259109497	2.8540271796955476	-0.03036251850426197	8
32.724842	2.812129259109497	52.81212925910949	-0.03036251850426197	8
32.731178	2.812410354614258	52.81212925910949	-0.011650384403765202	8
32.747402	2.812410354614258	52.81212925910949	-0.011650384403765202	8
32.767767	2.81296443939209	52.81212925910949	-0.048880938440561295	8
32.787474	2.813455581665039	52.81212925910949	-0.00016531367145944387	8
32.821557	2.814126491546631	52.81212925910949	0.023020893335342407	8
32.833777	2.814126491546631	2.814126491546636	0.023020893335342407	8
32.849561	2.814126491546631	2.814126491546636	0.023020893335342407	8
32.852206	2.8150994777679443	2.814126491546636	0.08817250281572342	8
32.872094	2.816174030303955	2.814126491546636	0.05877996236085892	8
32.890441	2.8171260356903076	2.814126491546636	0.04064524918794632	8
32.911359	2.818166732788086	2.814126491546636	0.06347755342721939	8
32.925207	2.981133460998535	2.814126491546636	30.87746238708496	8
32.941786	2.981133460998535	2.814126491546636	30.87746238708496	8
32.948594	2.981133460998535	2.814126491546636	30.87746238708496	8
32.967715	5.147096633911133	2.814126491546636	54.795249938964844	8
32.986625	6.247810363769531	2.814126491546636	54.88603973388672	8
33.005725	7.3407769203186035	2.814126491546636	54.71167755126953	8
33.032478	7.3407769203186035	2.814126491546636	54.71167755126953	8
33.035095	9.096287727355957	2.814126491546636	7.143954753875732	8
33.050364	9.096287727355957	2.814126491546636	7.143954753875732	8
33.062121	8.748602867126465	2.814126491546636	-30.40371322631836	8
33.081254	7.958404064178467	2.814126491546636	-43.87261962890625	8
33.101023	7.0557780265808105	2.814126491546636	-44.95469665527344	8
33.120662	6.194492340087891	2.814126491546636	-40.61733627319336	8
33.132635	6.194492340087891	2.814126491546636	-40.61733627319336	8
33.135087	5.445563793182373	2.814126491546636	-34.69560241699219	8
33.158374	5.445563793182373	2.814126491546636	-34.69560241699219	8
33.161497	4.829186916351318	2.814126491546636	-28.18155860900879	8
33.181233	4.338499546051025	2.814126491546636	-22.233142852783203	8
33.201368	3.9560704231262207	2.814126491546636	-17.31704330444336	8
33.221742	3.6646950244903564	2.814126491546636	-12.95502758026123	8
33.252171	3.2809131145477295	2.814126491546636	-7.462200164794922	8
33.272493	3.2809131145477295	2.814126491546636	-7.462200164794922	8
33.29123	3.157838821411133	2.814126491546636	-6.016866683959961	8
33.319042	3.070308208465576	2.814126491546636	-4.175312519073486	8
33.346931	3.0050125122070312	2.814126491546636	-2.890991449356079	8
33.374729	3.0050125122070312	2.814126491546636	-2.890991449356079	8
33.385799	3.0050125122070312	2.814126491546636	-2.890991449356079	8
33.400007	2.9248032569885254	2.814126491546636	-1.489161491394043	8
33.421666	2.8989315032958984	2.814126491546636	-1.1313022375106812	8
33.444443	2.8793163299560547	2.814126491546636	-0.8257895708084106	8
33.465229	2.865828514099121	2.814126491546636	-0.5617737174034119	8
33.48422	2.865828514099121	2.814126491546636	-0.5617737174034119	8
33.486732	2.855828046798706	2.814126491546636	-0.4122624695301056	8
33.494492	2.855828046798706	2.814126491546636	-0.4122624695301056	8
33.513407	2.844266414642334	2.814126491546636	-0.24870359897613525	8
33.526857	2.839888334274292	2.814126491546636	-0.18484839797019958	8
33.540977	2.836597442626953	2.814126491546636	-0.17218241095542908	8
33.553193	2.836597442626953	2.814126491546636	-0.17218241095542908	8
33.577898	2.830693244934082	2.814126491546636	-0.03585168719291687	8
33.596771	2.8297994136810303	2.814126491546636	-0.026553362607955933	8
33.603267	2.8297994136810303	2.814126491546636	-0.026553362607955933	8
33.641313	2.8297994136810303	2.814126491546636	-0.026553362607955933	8
33.643801	2.8280932903289795	2.814126491546636	-0.0648307278752327	8
33.662395	2.8277933597564697	2.814126491546636	-0.04908765107393265	8
33.693824	2.8269052505493164	2.814126491546636	-0.05838598683476448	8
33.711833	2.8269052505493164	2.814126491546636	-0.05838598683476448	8
33.722767	2.826371192932129	2.814126491546636	-0.0033895298838615417	8
33.741522	2.826371192932129	2.814126491546636	-0.0033895298838615417	8
33.744152	2.8256475925445557	2.814126491546636	-0.08733894675970078	8
33.762459	2.8254740238189697	2.814126491546636	-0.03904801234602928	8
33.788595	2.824885845184326	2.814126491546636	-0.026892393827438354	8
33.800699	2.824582815170288	2.814126491546636	-0.03069964423775673	8
33.820668	2.824582815170288	2.814126491546636	-0.03069964423775673	8
33.831408	2.824373483657837	2.814126491546636	-0.0074054040014743805	8
33.850213	2.824373483657837	2.814126491546636	-0.0074054040014743805	8
33.852716	2.8238000869750977	2.814126491546636	-0.07213978469371796	8
33.87197	2.82346510887146	2.814126491546636	0.0009913910180330276	8
33.89197	2.822664737701416	2.814126491546636	-0.028576239943504333	8
33.9294	2.822664737701416	2.814126491546636	-0.028576239943504333	8
33.932066	2.8218843936920166	2.814126491546636	-0.01261337473988533	8
33.950444	2.8218843936920166	2.814126491546636	-0.01261337473988533	8
33.952904	2.821523904800415	2.814126491546636	-0.022019732743501663	8
33.971015	2.8211374282836914	2.814126491546636	-0.011767737567424774	8
33.984658	2.8208556175231934	2.814126491546636	-0.04363015294075012	8
34.002961	2.8205456733703613	2.814126491546636	0.02424464002251625	8
34.012704	2.8201284408569336	2.814126491546636	-0.01541108638048172	8
34.030427	2.8201284408569336	2.814126491546636	-0.01541108638048172	8
34.037727	2.8201284408569336	2.814126491546636	-0.01541108638048172	8
34.040294	2.8201966285705566	2.814126491546636	-0.01240104902535677	8
34.058977	2.819796323776245	2.814126491546636	0.00039532105438411236	8
34.079979	2.819434404373169	2.814126491546636	-0.0061574652791023254	8
34.100477	2.8193116188049316	2.814126491546636	0.051204558461904526	8
34.114393	2.818828821182251	2.814126491546636	-0.015768714249134064	8
34.132861	2.818828821182251	2.814126491546636	-0.015768714249134064	8
34.135466	2.818483591079712	2.814126491546636	-0.06721124798059464	8
34.146403	2.818483591079712	2.814126491546636	-0.06721124798059464	8
34.162849	2.8182201385498047	2.814126491546636	0.008795851841568947	8
34.18241	2.8180313110351562	2.814126491546636	-0.004529513418674469	8
34.201936	2.817786693572998	2.814126491546636	0.019319789484143257	8
34.23347	2.817786693572998	2.814126491546636	0.019319789484143257	8
34.235963	2.8172075748443604	2.814126491546636	-0.016498882323503494	8
34.254839	2.8172075748443604	2.814126491546636	-0.016498882323503494	8
34.261476	2.817065715789795	2.814126491546636	-0.022422095760703087	8
34.283959	2.8169844150543213	2.814126491546636	0.000589021248742938	8
34.303183	2.8168675899505615	2.814126491546636	-0.04452051967382431	8
34.328912	2.8168156147003174	2.814126491546636	0.00012336112558841705	8
34.340967	2.8168156147003174	2.814126491546636	0.00012336112558841705	8
34.343543	2.816678285598755	2.814126491546636	0.014596113003790379	8
34.363791	2.816678285598755	2.814126491546636	0.014596113003790379	8
34.370896	2.8163843154907227	2.814126491546636	-0.009212218225002289	8
34.39146	2.816289186477661	2.814126491546636	-0.0321972593665123	8
34.411575	2.8162856101989746	2.814126491546636	0.013810079544782639	8
34.433497	2.8160617351531982	2.814126491546636	-0.0023837601765990257	8
34.472843	2.8160617351531982	2.814126491546636	-0.0023837601765990257	8
34.490207	2.815225124359131	2.814126491546636	-0.02517881616950035	8
34.509612	2.815044403076172	2.814126491546636	-0.010914679616689682	8
34.525286	2.8150439262390137	2.814126491546636	-0.015049751847982407	8
34.544301	2.8150439262390137	2.814126491546636	-0.015049751847982407	8
34.546849	2.814992904663086	2.814126491546636	0.01040143147110939	8
34.55969	2.8148794174194336	2.814126491546636	0.024475576356053352	8
34.581588	2.8148794174194336	2.814126491546636	0.024475576356053352	8
34.588053	2.814622402191162	2.814126491546636	-0.002275734441354871	8
34.607583	2.814546823501587	2.814126491546636	0.020087184384465218	8
34.626747	2.8144378662109375	2.814126491546636	0.017200088128447533	8
34.645763	2.8144378662109375	2.814126491546636	0.017200088128447533	8
34.648301	2.81429123878479	2.814126491546636	-0.03677564486861229	8
34.660403	2.81426739692688	2.814126491546636	0.0032935780473053455	8
34.678462	2.814094066619873	2.814126491546636	-0.04678177833557129	8
34.690415	2.814094066619873	2.814126491546636	-0.04678177833557129	8
34.705328	2.8140106201171875	2.814126491546636	-0.07669587433338165	8
34.723627	2.8140716552734375	2.814126491546636	-0.01976226083934307	8
34.741044	2.8140716552734375	2.814126491546636	-0.01976226083934307	8
34.760121	2.813917636871338	2.814126491546636	0.03140459954738617	8
34.771621	2.8137710094451904	2.814126491546636	-0.030308563262224197	8
34.792829	2.813791513442993	2.814126491546636	-0.02672482654452324	8
34.799298	2.813791513442993	2.814126491546636	-0.02672482654452324	8
34.82056	2.8138766288757324	2.814126491546636	0.04348572716116905	8
34.839388	2.8138766288757324	2.814126491546636	0.04348572716116905	8
34.841928	2.813725709915161	2.814126491546636	0.03472383692860603	8
34.861234	2.81358003616333	2.814126491546636	-0.08759234845638275	8
34.893008	2.813798666000366	2.814126491546636	0.023711882531642914	8
34.909395	2.813798666000366	2.814126491546636	0.023711882531642914	8
34.924409	2.813936233520508	2.814126491546636	0.09848963469266891	8
34.943641	2.813936233520508	2.814126491546636	0.09848963469266891	8
34.946169	2.8134543895721436	2.814126491546636	-0.034540481865406036	8
34.965536	2.813549757003784	2.814126491546636	-0.11114362627267838	8
34.99608	2.8137154579162598	2.814126491546636	0.08004572242498398	8
35.018158	2.8137154579162598	2.814126491546636	0.08004572242498398	8
35.023204	2.8133420944213867	2.814126491546636	-0.07046346366405487	8
35.042085	2.8133420944213867	2.814126491546636	-0.07046346366405487	8
35.044648	2.8134143352508545	2.814126491546636	-0.10491121560335159	8
35.062849	2.8136863708496094	2.814126491546636	0.12545329332351685	8
35.083527	2.8133387565612793	2.814126491546636	0.06491731852293015	8
35.111959	2.8132269382476807	2.814126491546636	-0.07156243175268173	8
35.126637	2.8132269382476807	2.814126491546636	-0.07156243175268173	8
35.139092	2.8132269382476807	2.814126491546636	-0.07156243175268173	8
35.141678	2.8135340213775635	2.814126491546636	0.03984610736370087	8
35.162096	2.8133957386016846	2.814126491546636	0.10078440606594086	8
35.182623	2.813230514526367	2.814126491546636	-0.003944684751331806	8
35.220748	2.8135018348693848	2.814126491546636	0.02177099883556366	8
35.238843	2.8135018348693848	-47.18596148490906	0.02177099883556366	8
35.265159	2.8135018348693848	-47.18596148490906	0.02177099883556366	8
35.269824	2.8133609294891357	-47.18596148490906	0.0718463584780693	8
35.3028	2.8130908012390137	-47.18596148490906	-0.005617334507405758	8
35.334789	2.813114881515503	-47.18596148490906	-0.051144108176231384	8
35.349931	2.813114881515503	-47.186154961586	-0.051144108176231384	8
35.377896	2.8131930828094482	-47.186154961586	-0.006604534573853016	8
35.409527	2.8133034706115723	-47.186154961586	0.038426779210567474	8
35.461667	2.8133034706115723	-47.18614411354065	0.038426779210567474	8
35.471642	2.8133034706115723	-47.18614411354065	0.038426779210567474	8
35.508983	2.8130650520324707	-47.18614411354065	-0.02542470023036003	8
35.536946	2.8130712509155273	-47.18614411354065	-0.041447173804044724	8
35.574027	2.8130712509155273	2.8137350082397496	-0.041447173804044724	8
35.57729	2.813108444213867	2.8137350082397496	-0.028345322236418724	8
35.686201	2.813108444213867	2.8137350082397496	-0.028345322236418724	8
35.790389	-5.486635684967041	2.8137350082397496	-55.36369705200195	8
35.798269	-5.486635684967041	47.012038469314575	-55.36369705200195	8
35.913854	-5.486635684967041	42.05851125717163	-55.36369705200195	8
36.005058	-5.486635684967041	42.05851125717163	-55.36369705200195	8
36.006269	-14.348211288452148	42.05851125717163	-53.96515655517578	8
36.042084	-14.348211288452148	37.62772345542908	-53.96515655517578	8
36.129255	-13.234804153442383	37.62772345542908	51.099876403808594	8
36.151981	-13.234804153442383	38.18442702293396	51.099876403808594	8
36.231983	-0.15061572194099426	38.18442702293396	54.578041076660156	8
36.260496	-0.15061572194099426	49.639721378684044	54.578041076660156	8
36.281039	6.375688552856445	49.639721378684044	54.390201568603516	8
36.309466	11.81956672668457	49.639721378684044	54.423553466796875	8
36.329475	12.908625602722168	49.639721378684044	54.514957427978516	8
36.342668	13.998964309692383	49.639721378684044	54.54637145996094	8
36.361625	15.087484359741211	49.639721378684044	54.34865951538086	8
36.368963	15.087484359741211	64.24383211135864	54.34865951538086	8
36.389201	16.175214767456055	64.24383211135864	54.39151382446289	8
36.409858	17.26129722595215	64.24383211135864	54.22146224975586	8
36.430138	18.347246170043945	64.24383211135864	54.1833381652832	8
36.448513	18.347246170043945	64.24383211135864	54.1833381652832	8
36.462322	20.520992279052734	64.24383211135864	54.310752868652344	8
36.477702	20.520992279052734	69.11031770706178	54.310752868652344	8
36.49044	21.608598709106445	69.11031770706178	54.343658447265625	8
36.509013	22.696882247924805	69.11031770706178	54.50575637817383	8
36.527842	23.78417205810547	69.11031770706178	54.290550231933594	8
36.545903	23.78417205810547	69.11031770706178	54.290550231933594	8
36.548462	24.871187210083008	69.11031770706178	54.500789642333984	8
36.578582	27.050634384155273	69.11031770706178	54.83817672729492	8
36.586538	27.050634384155273	72.37513875961305	54.83817672729492	8
36.619044	28.140953063964844	72.37513875961305	54.442291259765625	8
36.652948	29.229366302490234	72.37513875961305	54.38155746459961	8
36.711044	29.229366302490234	73.46450471878053	54.38155746459961	8
36.724894	29.229366302490234	73.46450471878053	54.38155746459961	8
36.729352	30.319353103637695	73.46450471878053	54.37319564819336	8
36.800518	32.49833297729492	73.46450471878053	54.27992630004883	8
36.822753	32.49833297729492	75.09898805618288	54.27992630004883	8
36.845468	33.587039947509766	75.09898805618288	54.20735549926758	8
36.879935	34.67457580566406	75.09898805618288	54.248802185058594	8
36.910067	34.67457580566406	75.09898805618288	54.248802185058594	8
36.914719	35.76170349121094	75.09898805618288	54.423851013183594	8
36.93514	35.76170349121094	85.30791139602663	54.423851013183594	8
36.957071	36.850982666015625	85.30791139602663	54.44969177246094	8
36.9946	39.031028747558594	85.30791139602663	54.729305267333984	8
37.029565	39.031028747558594	85.30791139602663	54.729305267333984	8
37.030599	41.21186065673828	85.30791139602663	54.59464645385742	8
37.055369	41.21186065673828	88.56831026077272	54.59464645385742	8
37.095888	44.47804641723633	88.56831026077272	54.2657356262207	8
37.13847	44.47804641723633	88.56831026077272	54.2657356262207	8
37.183816	44.47804641723633	90.20140314102174	54.2657356262207	8
37.236901	51.015438079833984	90.20140314102174	54.671791076660156	8
37.298773	51.015438079833984	99.90703439712526	54.671791076660156	8
37.333073	55.37237548828125	99.90703439712526	54.500831604003906	8
37.427064	55.37237548828125	71.07883757501989	54.500831604003906	8
37.487193	59.745059967041016	71.07883757501989	54.58913040161133	8
37.543529	59.745059967041016	71.07883757501989	54.58913040161133	8
37.674331	59.745059967041016	71.07883757501989	54.58913040161133	8
37.71005	70.64444732666016	71.07883757501989	54.574256896972656	8
37.730338	71.73587799072266	71.07883757501989	54.795127868652344	8
37.747006	72.82785034179688	71.07883757501989	54.74040222167969	8
37.786692	72.82785034179688	71.07883757501989	54.74040222167969	8
37.83894	81.56982421875	71.07883757501989	54.63624572753906	8
37.89998	81.56982421875	71.07883757501989	54.63624572753906	8
37.991389	81.56982421875	71.07883757501989	54.63624572753906	8
37.993456	74.91275787353516	71.07883757501989	-50.86097717285156	8
38.009728	74.91275787353516	71.07883757501989	-50.86097717285156	8
38.034648	72.71845245361328	71.07883757501989	-25.115100860595703	8
38.052914	72.2895736694336	71.07883757501989	-18.98289680480957	8
38.070588	72.2895736694336	71.07883757501989	-18.98289680480957	8
38.092266	71.72774505615234	71.07883757501989	-10.502344131469727	8
38.121274	71.72774505615234	71.07883757501989	-10.502344131469727	8
38.16989	71.3275375366211	71.07883757501989	-4.048832893371582	8
38.194148	71.3275375366211	71.07883757501989	-4.048832893371582	8
38.232765	71.3275375366211	71.07883757501989	-4.048832893371582	8
38.266154	71.17459106445312	71.07883757501989	-1.465831995010376	8
38.354952	71.17459106445312	71.07883757501989	-1.465831995010376	8
38.371622	71.13165283203125	71.07883757501989	-0.7696962952613831	8
38.42178	71.13165283203125	71.07883757501989	-0.7696962952613831	8
38.472675	71.13165283203125	71.07883757501989	-0.7696962952613831	8
38.485194	71.10840606689453	71.07883757501989	-0.4048786163330078	8
38.586726	71.10840606689453	71.07883757501989	-0.4048786163330078	8
38.648844	71.09040069580078	71.07883757501989	-0.07547354698181152	8
38.700384	71.09040069580078	71.07883757501989	-0.07547354698181152	8
38.817661	71.09040069580078	71.07883757501989	-0.07547354698181152	8
38.894123	71.0822525024414	71.07883757501989	-0.019556963816285133	8
38.950415	71.0822525024414	71.07883757501989	-0.019556963816285133	8
39.083213	71.0822525024414	71.07883757501989	-0.019556963816285133	8
39.178646	71.08052825927734	71.07883757501989	-0.004886780399829149	8
39.193742	71.08052825927734	71.07883757501989	-0.004886780399829149	8
39.222459	71.08014678955078	71.07883757501989	-5.1355727919144556e-05	8
39.227364	71.08004760742188	71.07883757501989	-0.0020332131534814835	8
39.260458	71.07974243164062	71.07883757501989	-0.0053040217608213425	8
39.274488	71.07974243164062	71.07883757501989	-0.0053040217608213425	8
39.275313	71.07974243164062	71.07883757501989	-0.04515717923641205	8
39.288284	71.07989501953125	71.07883757501989	-0.010131997987627983	8
39.303932	71.07989501953125	71.07883757501989	-0.010131997987627983	8
39.33987	71.07957458496094	71.07883757501989	0.014432558789849281	8
39.380762	71.0792236328125	71.07883757501989	0.02979566529393196	8
39.413218	71.0792236328125	71.07883757501989	0.02979566529393196	8
39.423121	71.0791015625	71.07883757501989	-0.025562146678566933	8
39.441881	71.07915496826172	71.07883757501989	0.03428836166858673	8
39.459849	71.07915496826172	71.07883757501989	0.03428836166858673	8
39.480512	71.07901763916016	71.07883757501989	-0.06601136177778244	8
39.499797	71.07923126220703	71.07883757501989	-0.05309206247329712	8
39.510258	71.07943725585938	71.07883757501989	0.07773268222808838	8
39.522931	71.07943725585938	71.07883757501989	0.07773268222808838	8
39.537756	71.07918548583984	71.07883757501989	0.03203827515244484	8
39.556594	71.07918548583984	71.07883757501989	0.03203827515244484	8
39.578195	71.07929229736328	71.07883757501989	-0.0015117090661078691	8
39.597768	71.07914733886719	71.07883757501989	0.09837077558040619	8
39.61078	71.07889556884766	71.07883757501989	-0.001459560007788241	8
39.631921	71.07889556884766	71.07883757501989	-0.001459560007788241	8
39.63798	71.07878112792969	71.07883757501989	-0.0828869566321373	8
39.657332	71.07878112792969	71.07883757501989	-0.0828869566321373	8
39.660018	71.07890319824219	71.07883757501989	-0.07064565271139145	8
39.678789	71.0791015625	71.07883757501989	0.05584286153316498	8
39.698505	71.07907104492188	71.07883757501989	0.06752537190914154	8
39.718171	71.07879638671875	71.07883757501989	-0.0579349622130394	8
39.728721	71.07872009277344	71.07883757501989	-0.11124385893344879	8
39.741057	71.07872009277344	71.07883757501989	-0.11124385893344879	8
39.755348	71.07872009277344	71.07883757501989	-0.11124385893344879	8
39.775546	71.07886505126953	71.07883757501989	0.08644988387823105	8
39.794946	71.07845306396484	71.07883757501989	-0.13352851569652557	8
39.81401	71.07894134521484	71.07883757501989	0.029266683384776115	8
39.826783	71.07881164550781	71.07883757501989	0.11726547032594681	8
39.842469	71.07881164550781	71.07883757501989	0.11726547032594681	8
39.849881	71.07881164550781	71.07883757501989	0.11726547032594681	8
39.853338	71.07840728759766	71.07883757501989	-0.038660287857055664	8
39.872958	71.07849884033203	71.07883757501989	-0.11067759245634079	8
39.89328	71.07884216308594	71.07883757501989	0.03969002515077591	8
39.913198	71.07876586914062	71.07883757501989	0.13021457195281982	8
39.93375	71.07833099365234	71.07883757501989	-0.04408431053161621	8
39.944719	71.07833099365234	71.07883757501989	-0.04408431053161621	8
39.947492	71.07853698730469	71.07883757501989	-0.08549463003873825	8
39.958804	71.07853698730469	71.07883757501989	-0.08549463003873825	8
39.974223	71.0787353515625	71.07883757501989	0.026569558307528496	8
39.993229	71.07882690429688	71.07883757501989	0.12903739511966705	8
40.012946	71.07837677001953	71.07883757501989	-0.03909240663051605	8
40.031842	71.07846069335938	71.07883757501989	-0.11604199558496475	8
40.061748	71.07884216308594	71.07883757501989	0.10387679189443588	8
40.067805	71.07884216308594	71.07883757501989	0.10387679189443588	8
40.088369	71.07839965820312	71.07883757501989	-0.04075387865304947	8
40.10778	71.07845306396484	71.07883757501989	-0.11273392289876938	8
40.125785	71.0788345336914	71.07883757501989	0.07814998924732208	8
40.143105	71.0788345336914	71.07883757501989	0.07814998924732208	8
40.158664	71.07833862304688	71.07883757501989	-0.07888589799404144	8
40.177304	71.07833862304688	71.07883757501989	-0.07888589799404144	8
40.190215	71.07856750488281	71.07883757501989	-0.10659459978342056	8
40.212852	71.07890319824219	71.07883757501989	0.07692065834999084	8
40.235747	71.07855224609375	71.07883757501989	0.06838228553533554	8
40.25725	71.07855224609375	71.07883757501989	0.06838228553533554	8
40.259833	71.07825469970703	71.07883757501989	-0.05743567645549774	8
40.27179	71.07848358154297	71.07883757501989	-0.10058198124170303	8
40.286763	71.07848358154297	71.07883757501989	-0.10058198124170303	8
40.299093	71.07892608642578	71.07883757501989	0.12681719660758972	8
40.319363	71.07857513427734	71.07883757501989	0.04169430211186409	8
40.339442	71.07830810546875	71.07883757501989	-0.13179247081279755	8
40.357115	71.07830810546875	71.07883757501989	-0.13179247081279755	8
40.359746	71.0787582397461	71.07883757501989	-0.03235701099038124	8
40.386794	71.07855987548828	71.07883757501989	0.005037449300289154	8
40.395965	71.07855987548828	71.07883757501989	0.005037449300289154	8
40.41416	71.07860565185547	71.07883757501989	-0.1216447725892067	8
40.432711	71.07886505126953	71.07883757501989	-0.021523864939808846	8
40.449758	71.07886505126953	71.07883757501989	-0.021523864939808846	8
40.472171	71.07860565185547	71.07883757501989	-0.013283520005643368	8
40.507033	71.07860565185547	71.07883757501989	-0.013283520005643368	8
40.521638	71.07901000976562	71.07883757501989	0.06553618609905243	8
40.552507	71.07881164550781	71.07883757501989	0.09369192272424698	8
40.581007	71.07881164550781	71.07883757501989	0.09369192272424698	8
40.583678	71.07841491699219	71.07883757501989	-0.14689478278160095	8
40.60502	71.078857421875	71.07883757501989	-0.05154969170689583	8
40.618884	71.078857421875	121.07883501052858	-0.05154969170689583	8
40.644927	71.07852935791016	121.07883501052858	-0.022008121013641357	8
40.664325	71.07861328125	121.07883501052858	-0.12557119131088257	8
40.682952	71.07861328125	121.07883501052858	-0.12557119131088257	8
40.685624	71.07902526855469	121.07883501052858	0.10047943890094757	8
40.704379	71.0787582397461	121.07883501052858	0.05809309706091881	8
40.728129	71.0787582397461	121.07917070388795	0.05809309706091881	8
40.732074	71.0785140991211	121.07917070388795	-0.09895769506692886	8
40.7625	71.0785140991211	121.07917070388795	-0.09895769506692886	8
40.778808	71.07872772216797	121.07917070388795	-0.0796457976102829	8
40.798838	71.07890319824219	121.07917070388795	0.018023870885372162	8
40.830318	71.5556869506836	121.07917070388795	50.86937713623047	8
40.837617	71.5556869506836	121.31737565994264	50.86937713623047	8
40.858487	71.5556869506836	121.31737565994264	50.86937713623047	8
40.861262	72.66094970703125	121.31737565994264	55.090641021728516	8
40.881726	73.76055145263672	121.31737565994264	55.25022888183594	8
40.902094	74.86237335205078	121.31737565994264	55.15132522583008	8
40.921051	75.95855712890625	121.31737565994264	54.987396240234375	8
40.947046	75.95855712890625	125.10639619827272	54.987396240234375	8
40.960922	75.95855712890625	125.10639619827272	54.987396240234375	8
40.963589	78.15125274658203	125.10639619827272	54.893455505371094	8
40.981781	79.24475860595703	125.10639619827272	54.502197265625	8
40.997933	80.33688354492188	125.10639619827272	54.494651794433594	8
41.017424	81.42870330810547	125.10639619827272	54.445430755615234	8
41.047318	81.42870330810547	125.10639619827272	54.445430755615234	8
41.056317	81.42870330810547	131.0734601020813	54.445430755615234	8
41.075825	84.7108383178711	131.0734601020813	54.82550048828125	8
41.093988	85.80680084228516	131.0734601020813	54.818363189697266	8
41.113773	86.8991470336914	131.0734601020813	54.614749908447266	8
41.132735	87.99398040771484	131.0734601020813	54.847713470458984	8
41.143856	87.99398040771484	131.0734601020813	54.847713470458984	8
41.165395	87.99398040771484	138.66727113723755	54.847713470458984	8
41.175456	90.1795654296875	138.66727113723755	54.5900993347168	8
41.19457	91.2730484008789	138.66727113723755	54.47811508178711	8
41.213652	92.36808776855469	138.66727113723755	54.70766067504883	8
41.230885	93.46356964111328	138.66727113723755	54.56879425048828	8
41.260649	95.6557388305664	138.66727113723755	54.743350982666016	8
41.273982	95.6557388305664	108.86270874119438	54.743350982666016	8
41.28828	96.75043487548828	108.86270874119438	54.87642288208008	8
41.307704	97.84721374511719	108.86270874119438	55.039649963378906	8
41.327135	98.94609832763672	108.86270874119438	55.209938049316406	8
41.344592	98.94609832763672	108.86270874119438	55.209938049316406	8
41.355824	101.14571380615234	108.86270874119438	55.11302947998047	8
41.374681	102.24417114257812	108.86270874119438	54.97010040283203	8
41.382517	102.24417114257812	108.86270874119438	54.97010040283203	8
41.402127	103.34219360351562	108.86270874119438	54.74853515625	8
41.422386	104.43834686279297	108.86270874119438	54.78781509399414	8
41.441226	104.43834686279297	108.86270874119438	54.78781509399414	8
41.44371	105.5345230102539	108.86270874119438	54.59412384033203	8
41.473944	107.73100280761719	108.86270874119438	55.0293083190918	8
41.491741	107.73100280761719	108.86270874119438	55.0293083190918	8
41.502939	108.8162841796875	108.86270874119438	50.65155792236328	8
41.526204	109.43602752685547	108.86270874119438	20.741329193115234	8
41.546411	109.43602752685547	108.86270874119438	20.741329193115234	8
41.549127	109.66604614257812	108.86270874119438	6.3870768547058105	8
41.569154	109.69149017333984	108.86270874119438	-0.8919088840484619	8
41.581343	109.62663269042969	108.86270874119438	-4.318868160247803	8
41.600647	109.62663269042969	59.556351184844985	-4.318868160247803	8
41.609518	109.52281188964844	59.556351184844985	-5.36384916305542	8
41.629868	109.4126968383789	59.556351184844985	-5.693284034729004	8
41.649045	109.4126968383789	59.556351184844985	-5.693284034729004	8
41.651564	109.31272888183594	59.556351184844985	-4.7451171875	8
41.671201	109.22540283203125	59.556351184844985	-4.2016191482543945	8
41.709601	109.22540283203125	59.15363740921022	-4.2016191482543945	8
41.726535	109.05225372314453	59.15363740921022	-2.13568377494812	8
41.744826	109.05225372314453	59.15363740921022	-2.13568377494812	8
41.765357	108.99066925048828	59.15363740921022	-1.0959408283233643	8
41.784993	108.97074127197266	59.15363740921022	-0.8979644179344177	8
41.797917	108.55104064941406	59.15363740921022	-51.872886657714844	8
41.818993	108.55104064941406	58.255028247833266	-51.872886657714844	8
41.827067	107.43071746826172	58.255028247833266	-55.36576461791992	8
41.846412	107.43071746826172	58.255028247833266	-55.36576461791992	8
41.849118	106.32482147216797	58.255028247833266	-55.87966537475586	8
41.868949	105.20673370361328	58.255028247833266	-55.98033905029297	8
41.889195	104.08755493164062	58.255028247833266	-56.08383560180664	8
41.901921	102.97457885742188	58.255028247833266	-55.39043426513672	8
41.920614	101.85765075683594	58.255028247833266	-55.75726318359375	8
41.928151	101.85765075683594	53.8119206428528	-55.75726318359375	8
41.948265	101.85765075683594	53.8119206428528	-55.75726318359375	8
41.950915	100.74168395996094	53.8119206428528	-55.738311767578125	8
41.969682	99.62616729736328	53.8119206428528	-55.684635162353516	8
41.989098	98.51485443115234	53.8119206428528	-55.56467056274414	8
42.021746	96.29248046875	53.8119206428528	-55.53666305541992	8
42.037503	96.29248046875	47.16980409622194	-55.53666305541992	8
42.049758	96.29248046875	47.16980409622194	-55.53666305541992	8
42.052476	95.18257141113281	47.16980409622194	-55.56696319580078	8
42.071832	94.0713882446289	47.16980409622194	-55.6512565612793	8
42.092883	92.96013641357422	47.16980409622194	-55.4124870300293	8
42.112163	91.84950256347656	47.16980409622194	-55.487186431884766	8
42.1465	91.84950256347656	42.744591236114516	-55.487186431884766	8
42.149718	91.84950256347656	42.744591236114516	-55.487186431884766	8
42.152332	89.62948608398438	42.744591236114516	-55.67341995239258	8
42.170734	88.51891326904297	42.744591236114516	-55.58209991455078	8
42.190153	87.41145324707031	42.744591236114516	-55.41405487060547	8
42.208964	86.3024673461914	42.744591236114516	-55.425514221191406	8
42.237029	86.3024673461914	42.744591236114516	-55.425514221191406	8
42.255125	86.3024673461914	35.559917926788344	-55.425514221191406	8
42.264782	82.97257232666016	35.559917926788344	-55.269622802734375	8
42.283383	81.86373901367188	35.559917926788344	-55.31975555419922	8
42.30711	80.75540161132812	35.559917926788344	-55.42095184326172	8
42.328664	79.64756774902344	35.559917926788344	-55.51133346557617	8
42.342113	79.64756774902344	35.559917926788344	-55.51133346557617	8
42.344335	78.54061889648438	35.559917926788344	-55.27729415893555	8
42.364343	78.54061889648438	62.49229024017403	-55.27729415893555	8
42.373929	77.43211364746094	62.49229024017403	-55.47922134399414	8
42.395119	76.32332611083984	62.49229024017403	-55.51935577392578	8
42.414484	75.21453094482422	62.49229024017403	-55.430885314941406	8
42.434117	74.10577392578125	62.49229024017403	-55.33298873901367	8
42.465834	71.88778686523438	62.49229024017403	-55.55723571777344	8
42.473336	71.88778686523438	62.49229024017403	-55.55723571777344	8
42.494042	70.77925109863281	62.49229024017403	-55.45355987548828	8
42.510095	69.67143249511719	62.49229024017403	-55.37773132324219	8
42.528702	68.56394958496094	62.49229024017403	-55.45009231567383	8
42.546277	68.56394958496094	62.49229024017403	-55.45009231567383	8
42.558161	66.34748077392578	62.49229024017403	-55.27447509765625	8
42.583846	66.34748077392578	62.49229024017403	-55.27447509765625	8
42.586487	65.2395248413086	62.49229024017403	-55.31105422973633	8
42.607149	64.13209533691406	62.49229024017403	-55.37615966796875	8
42.630789	63.280372619628906	62.49229024017403	-32.88212203979492	8
42.650152	63.280372619628906	62.49229024017403	-32.88212203979492	8
42.652668	62.80112838745117	62.49229024017403	-18.232929229736328	8
42.683347	62.4109001159668	62.49229024017403	-5.1953125	8
42.692899	62.4109001159668	62.49229024017403	-5.1953125	8
42.712141	62.35160446166992	62.49229024017403	-2.1826956272125244	8
42.731728	62.33210372924805	62.49229024017403	-0.4907657504081726	8
42.74997	62.33210372924805	62.49229024017403	-0.4907657504081726	8
42.752467	62.331764221191406	62.49229024017403	0.15853001177310944	8
42.777685	62.33723068237305	62.49229024017403	0.23422792553901672	8
42.786922	62.34571838378906	62.49229024017403	0.47865912318229675	8
42.803753	62.34571838378906	62.49229024017403	0.47865912318229675	8
42.856471	62.36565399169922	62.49229024017403	0.5173649191856384	8
42.88209	62.36565399169922	62.49229024017403	0.5173649191856384	8
42.885948	62.37636184692383	62.49229024017403	0.5197640061378479	8
42.916268	62.37636184692383	62.49229024017403	0.5197640061378479	8
42.926445	62.38557434082031	62.49229024017403	0.41091102361679077	8
42.94585	62.393890380859375	62.49229024017403	0.4380907416343689	8
42.981521	62.4015998840332	62.49229024017403	0.3951977491378784	8
43.00977	62.40837478637695	62.49229024017403	0.3364946246147156	8
43.026845	62.40837478637695	62.49229024017403	0.3364946246147156	8
43.039739	62.40837478637695	62.49229024017403	0.3364946246147156	8
43.04256	62.41392517089844	62.49229024017403	0.23577022552490234	8
43.057631	62.41949462890625	62.49229024017403	0.2700801491737366	8
43.12113	62.41949462890625	62.49229024017403	0.2700801491737366	8
43.121948	62.436405181884766	62.49229024017403	0.17276433110237122	8
43.136558	62.436405181884766	62.49229024017403	0.17276433110237122	8
43.183387	62.44673156738281	62.49229024017403	0.1291138082742691	8
43.192294	62.44673156738281	62.49229024017403	0.1291138082742691	8
43.233556	62.45668029785156	62.49229024017403	0.11378619819879532	8
43.24559	62.45668029785156	62.49229024017403	0.11378619819879532	8
43.267201	62.45668029785156	62.49229024017403	0.11378619819879532	8
43.269249	62.4611930847168	62.49229024017403	0.09000858664512634	8
43.346337	62.4611930847168	62.49229024017403	0.09000858664512634	8
43.354634	62.4611930847168	62.49229024017403	0.09000858664512634	8
43.377954	62.47256088256836	62.49229024017403	-0.015586030669510365	8
43.396763	62.47319793701172	62.49229024017403	0.015663567930459976	8
43.416595	62.47400665283203	62.49229024017403	0.088042713701725	8
43.437316	62.474910736083984	62.49229024017403	0.035790372639894485	8
43.448614	62.474910736083984	62.49229024017403	0.035790372639894485	8
43.463702	62.474910736083984	62.49229024017403	0.035790372639894485	8
43.477356	62.47617721557617	62.49229024017403	0.05210062488913536	8
43.49749	62.476707458496094	62.49229024017403	0.041129179298877716	8
43.516659	62.47740173339844	62.49229024017403	0.005535881966352463	8
43.536931	62.47840881347656	62.49229024017403	0.03857455402612686	8
43.562469	62.48057174682617	62.49229024017403	0.06994898617267609	8
43.572355	62.48057174682617	62.49229024017403	0.06994898617267609	8
43.590792	62.4817008972168	62.49229024017403	0.07485749572515488	8
43.610692	62.48236083984375	62.49229024017403	0.06116006523370743	8
43.630791	62.48337173461914	62.49229024017403	0.061810120940208435	8
43.651477	62.48337173461914	62.49229024017403	0.061810120940208435	8
43.654141	62.484619140625	62.49229024017403	-0.053265009075403214	8
43.666038	62.485652923583984	62.49229024017403	-0.011770824901759624	8
43.681544	62.485652923583984	62.49229024017403	-0.011770824901759624	8
43.695114	62.48646545410156	62.49229024017403	0.04566571116447449	8
43.716204	62.487003326416016	62.49229024017403	0.03272777795791626	8
43.739	62.487491607666016	62.49229024017403	0.014405868947505951	8
43.757535	62.487491607666016	62.49229024017403	0.014405868947505951	8
43.760254	62.4877815246582	62.49229024017403	-0.02655649371445179	8
43.779672	62.488224029541016	62.49229024017403	-0.020312907174229622	8
43.79372	62.488224029541016	62.49229024017403	-0.020312907174229622	8
43.823582	62.48867416381836	62.49229024017403	0.01671462506055832	8
43.856735	62.48882293701172	62.49229024017403	0.048402875661849976	8
43.889298	62.488834381103516	62.49229024017403	0.029426246881484985	8
43.906896	62.488834381103516	62.49229024017403	0.029426246881484985	8
43.929593	62.488834381103516	62.49229024017403	0.029426246881484985	8
43.934357	62.48897171020508	62.49229024017403	0.06464141607284546	8
43.971065	62.48914337158203	62.49229024017403	0.03857649117708206	8
44.02233	62.48914337158203	62.49229024017403	0.03857649117708206	8
44.040183	62.48934555053711	62.49229024017403	0.07298234850168228	8
44.075323	62.48934555053711	62.49229024017403	0.07300563156604767	8
44.096243	62.48934555053711	62.49229024017403	0.07300563156604767	8
44.099253	62.48934555053711	62.49229024017403	0.042033564299345016	8
44.132107	62.48934555053711	62.49229024017403	0.042033564299345016	8
44.160715	62.48934555053711	62.49229024017403	0.042033564299345016	8
44.189056	62.492252349853516	62.49229024017403	0.005430817604064941	8
44.218872	62.49225997924805	62.49229024017403	-0.004168328829109669	8
44.240424	62.49225997924805	62.49229024017403	-0.004168328829109669	8
44.28384	62.492244720458984	62.49229024017403	0.012412936426699162	8
44.302345	62.492305755615234	62.49229024017403	-0.0025273431092500687	8
44.332111	62.492305755615234	62.49229024017403	-0.0025273431092500687	8
44.334764	62.492305755615234	62.49229024017403	-0.0009664499666541815	8
44.349501	62.492305755615234	62.49229024017403	-0.0009664499666541815	8
44.362599	62.492340087890625	62.49229024017403	0.0214570052921772	8
44.382692	62.492408752441406	62.49229024017403	0.026811178773641586	8
44.403266	62.492366790771484	62.49229024017403	0.0003429900389164686	8
44.423286	62.4923095703125	62.49229024017403	-0.012349076569080353	8
44.434967	62.4923095703125	62.49229024017403	-0.012349076569080353	8
44.437771	62.492244720458984	62.49229024017403	-0.01442872267216444	8
44.458386	62.492244720458984	62.49229024017403	-0.01442872267216444	8
44.466593	62.4923095703125	62.49229024017403	0.011552384123206139	8
44.487097	62.49213790893555	62.49229024017403	-0.019435513764619827	8
44.508635	62.4921875	62.49229024017403	-0.012014736421406269	8
44.529254	62.49224853515625	62.49229024017403	0.016008764505386353	8
44.541934	62.49224853515625	62.49229024017403	0.016008764505386353	8
44.543331	62.4924430847168	62.49229024017403	0.06055764853954315	8
44.567085	62.4924430847168	62.49229024017403	0.06055764853954315	8
44.570671	62.49232864379883	62.49229024017403	0.03459051251411438	8
44.591428	62.49231719970703	62.49229024017403	0.01596406102180481	8
44.621678	62.492332458496094	62.49229024017403	0.03429435193538666	8
44.657526	62.492313385009766	62.49229024017403	0.017022041603922844	8
44.679935	62.492313385009766	62.49229024017403	0.017022041603922844	8
44.697859	62.492313385009766	62.49229024017403	0.017022041603922844	8
44.721834	62.49224090576172	62.49229024017403	-0.001070764265023172	8
44.756415	62.49231719970703	62.49229024017403	0.02536948397755623	8
44.79308	62.49231719970703	62.49229024017403	0.02536948397755623	8
44.800245	62.492191314697266	62.49229024017403	0.018785031512379646	8
44.840963	62.49216079711914	62.49229024017403	-0.009732069447636604	8
44.874813	62.49216079711914	62.49229024017403	-0.009732069447636604	8
44.880421	62.49213409423828	62.49229024017403	-0.01922038197517395	8
44.905827	62.49213409423828	62.49229024017403	-0.01922038197517395	8
44.957099	62.49208068847656	62.49229024017403	-0.014152118936181068	8
44.981296	62.49207305908203	62.49229024017403	-0.026420429348945618	8
45.015637	62.49207305908203	62.49229024017403	-0.026420429348945618	8
45.055987	62.49223709106445	62.49229024017403	0.023025350645184517	8
45.114452	62.49223709106445	62.49229024017403	0.023025350645184517	8
45.124505	62.49223709106445	62.49229024017403	0.023025350645184517	8
45.134543	62.492218017578125	62.49229024017403	0.03211412578821182	8
45.145845	62.492183685302734	62.49229024017403	0.015774069353938103	8
45.151449	62.49223709106445	62.49229024017403	0.04743531346321106	8
45.195697	62.49217987060547	62.49229024017403	-0.019059253856539726	8
45.22651	62.492244720458984	62.49229024017403	0.016009699553251266	8
45.234246	62.492244720458984	62.49229024017403	0.016009699553251266	8
45.259015	62.492244720458984	62.49229024017403	0.016009699553251266	8
45.261756	62.49224853515625	62.49229024017403	0.009301385842263699	8
45.283625	62.49222183227539	62.49229024017403	-0.010976298712193966	8
45.30329	62.492183685302734	62.49229024017403	-0.016536295413970947	8
45.325122	62.492183685302734	62.49229024017403	-0.0011098666582256556	8
45.336813	62.492156982421875	62.49229024017403	0.009233401156961918	8
45.344005	62.492156982421875	62.49229024017403	0.009233401156961918	8
45.361977	62.492156982421875	62.49229024017403	0.009233401156961918	8
45.364567	62.492183685302734	62.49229024017403	-0.0018735500052571297	8
45.38283	62.49217987060547	62.49229024017403	-0.005252388305962086	8
45.399248	62.492130279541016	62.49229024017403	-0.013608216308057308	8
45.418349	62.49212646484375	62.49229024017403	0.013293037191033363	8
45.442178	62.49212646484375	62.49229024017403	0.013293037191033363	8
45.452921	62.49212646484375	62.49229024017403	0.013293037191033363	8
45.491042	62.49224853515625	62.49229024017403	-0.018815236166119576	8
45.537678	62.492305755615234	62.49229024017403	0.0004249571356922388	8
45.554604	62.492305755615234	62.49229024017403	0.0004249571356922388	8
45.565552	62.492305755615234	62.49229024017403	0.0004249571356922388	8
45.570606	62.4922981262207	62.49229024017403	0.018755247816443443	8
45.606829	62.4921989440918	62.49229024017403	-0.022421319037675858	8
45.644263	62.49211502075195	62.49229024017403	-0.031882625073194504	8
45.678848	62.49211502075195	62.49229024017403	-0.031882625073194504	8
45.69272	62.49216842651367	62.49229024017403	-0.012671306729316711	8
45.728728	62.49217987060547	62.49229024017403	-0.007044252939522266	8
45.785767	62.492183685302734	62.49229024017403	8.036487270146608e-05	8
45.794678	62.492183685302734	62.49229024017403	8.036487270146608e-05	8
45.841621	62.49215316772461	62.49229024017403	-0.012457098811864853	8
45.877293	62.49211883544922	62.49229024017403	0.01507652085274458	8
45.905509	62.49211883544922	62.49229024017403	0.01507652085274458	8
45.927622	62.49217224121094	62.49229024017403	-0.0005361709045246243	8
45.951384	62.49217224121094	62.49229024017403	-0.0005361709045246243	8
45.952198	62.49217987060547	62.49229024017403	-0.017645495012402534	8
45.96844	62.49226379394531	62.49229024017403	0.017269793897867203	8
46.002724	62.4921875	62.49229024017403	0.017384348437190056	8
46.014027	62.4921875	62.49229024017403	0.017384348437190056	8
46.051838	62.4921875	62.49229024017403	0.017384348437190056	8
46.072189	62.492183685302734	62.49229024017403	0.000978168100118637	8
46.091337	62.49222183227539	62.49229024017403	0.005220339167863131	8
46.102274	62.49211502075195	62.49229024017403	-0.035824909806251526	8
46.122941	62.49211502075195	62.49229024017403	-0.035824909806251526	8
46.129886	62.4920654296875	62.49229024017403	-0.05580829828977585	8
46.150384	62.4920654296875	62.49229024017403	-0.05580829828977585	8
46.152706	62.492088317871094	62.49229024017403	-0.03940584510564804	8
46.171558	62.49219512939453	62.49229024017403	-0.005910825915634632	8
46.191992	62.49219512939453	62.49229024017403	0.028554629534482956	8
46.225321	62.49201583862305	62.49229024017403	-0.035143181681632996	8
46.231796	62.49201583862305	62.49229024017403	-0.035143181681632996	8
46.252895	62.49201583862305	62.49229024017403	-0.035143181681632996	8
46.255602	62.4920654296875	62.49229024017403	-0.008150658570230007	8
46.274527	62.49205780029297	62.49229024017403	-0.017314869910478592	8
46.293709	62.49212646484375	62.49229024017403	0.0191920455545187	8
46.312635	62.49209976196289	62.49229024017403	-0.0017021785024553537	8
46.34028	62.49209976196289	62.49229024017403	-0.0017021785024553537	8
46.347468	62.49209976196289	62.49229024017403	-0.0017021785024553537	8
46.368592	62.491981506347656	62.49229024017403	-0.03646659106016159	8
46.387313	62.49201965332031	62.49229024017403	-0.006215367931872606	8
46.407223	62.4919319152832	62.49229024017403	-0.01925668492913246	8
46.436391	62.4919319152832	62.49229024017403	-0.01925668492913246	8
46.448414	62.4919319152832	62.49229024017403	-0.01925668492913246	8
46.465555	62.492061614990234	62.49229024017403	-0.0196860209107399	8
46.484765	62.492061614990234	62.49229024017403	0.002336033619940281	8
46.504753	62.492008209228516	62.49229024017403	-0.021896982565522194	8
46.535826	62.492008209228516	62.49229024017403	-0.021896982565522194	8
46.538587	62.4921875	62.49229024017403	0.01741507649421692	8
46.557143	62.4921875	62.49229024017403	0.01741507649421692	8
46.565743	62.492122650146484	62.49229024017403	0.0008393970783799887	8
46.585298	62.492088317871094	62.49229024017403	-0.01414372120052576	8
46.604605	62.49201202392578	62.49229024017403	-0.040232863277196884	8
46.623885	62.49205017089844	62.49229024017403	-0.04091179370880127	8
46.637283	62.49214553833008	62.49229024017403	-0.03492804244160652	8
46.656845	62.49211502075195	62.49229024017403	-0.03811875358223915	8
46.665468	62.49211502075195	62.49229024017403	-0.03811875358223915	8
46.684001	62.49211883544922	62.49229024017403	-0.025275815278291702	8
46.702904	62.49217987060547	62.49229024017403	0.014674200676381588	8
46.72317	62.49216079711914	62.49229024017403	0.02869339846074581	8
46.763084	62.492156982421875	62.49229024017403	0.027162304148077965	8
46.773656	62.492156982421875	62.49229024017403	0.027162304148077965	8
46.792834	62.4920539855957	62.49229024017403	-0.015624519437551498	8
46.814081	62.492122650146484	62.49229024017403	0.013784785754978657	8
46.83491	62.492122650146484	62.49229024017403	-0.002095193834975362	8
46.852813	62.492122650146484	62.49229024017403	-0.002095193834975362	8
46.855406	62.49205780029297	62.49229024017403	-0.013575606048107147	8
46.868437	62.492183685302734	62.49229024017403	0.020578788593411446	8
46.881977	62.492183685302734	62.49229024017403	0.020578788593411446	8
46.894997	62.492130279541016	62.49229024017403	0.00024242731160484254	8
46.915562	62.492191314697266	62.49229024017403	0.040301404893398285	8
46.93563	62.49223709106445	62.49229024017403	0.04886305704712868	8
46.958974	62.49216842651367	62.49229024017403	-0.007645877543836832	8
46.976617	62.4921875	62.49229024017403	0.01295497640967369	8
46.990253	62.4921875	62.49229024017403	0.01295497640967369	8
47.004934	62.49222946166992	62.49229024017403	0.03265710547566414	8
47.024971	62.4921760559082	62.49229024017403	0.027593504637479782	8
47.04323	62.4921760559082	62.49229024017403	0.027593504637479782	8
47.045965	62.492183685302734	62.49229024017403	0.0010806128848344088	8
47.064202	62.49222946166992	62.49229024017403	0.004862711299210787	8
47.076817	62.492191314697266	62.49229024017403	0.009694412350654602	8
47.098682	62.492191314697266	62.49229024017403	0.009694412350654602	8
47.108096	62.492122650146484	62.49229024017403	-0.014615905471146107	8
47.129886	62.49211883544922	62.49229024017403	-0.017276694998145103	8
47.149511	62.49211883544922	62.49229024017403	-0.017276694998145103	8
47.172014	62.492122650146484	62.49229024017403	-0.002306617796421051	8
47.207258	62.492122650146484	62.49229024017403	-0.002306617796421051	8
47.211944	62.49207305908203	62.49229024017403	-0.008966504596173763	8
47.232115	62.4920654296875	62.49229024017403	-0.00440581701695919	8
47.250538	62.4920654296875	62.49229024017403	-0.00440581701695919	8
47.253113	62.492069244384766	62.49229024017403	0.0008943402208387852	8
47.271966	62.49205780029297	62.49229024017403	-0.020418042317032814	8
47.302695	62.492191314697266	62.49229024017403	0.019056065008044243	8
47.316117	62.492191314697266	2.8058892439993706	0.019056065008044243	8
47.329533	62.492122650146484	2.8058892439993706	-0.01921570859849453	8
47.347068	62.492122650146484	2.8058892439993706	-0.01921570859849453	8
47.349101	62.492069244384766	2.8058892439993706	-0.019269725307822227	8
47.367714	62.4920539855957	2.8058892439993706	-0.018190322443842888	8
47.386432	62.49211883544922	2.8058892439993706	-0.006925974972546101	8
47.41704	62.49213409423828	2.8058892439993706	-0.005183470901101828	8
47.424687	62.49213409423828	2.8058892439993706	-0.005183470901101828	8
47.44316	62.49213409423828	2.8058892439993706	-0.005183470901101828	8
47.445937	62.492183685302734	2.8058892439993706	0.0037218360230326653	8
47.464979	62.49212646484375	2.8058892439993706	0.006606142967939377	8
47.482819	62.49211502075195	2.8058892439993706	-0.0011229031952098012	8
47.517121	61.816612243652344	2.8058892439993706	-55.70354080200195	8
47.533922	61.816612243652344	2.8058892439993706	-55.70354080200195	8
47.54705	61.816612243652344	2.8058892439993706	-55.70354080200195	8
47.549869	60.69871520996094	2.8058892439993706	-55.48835372924805	8
47.571523	59.58257293701172	2.8058892439993706	-56.01726531982422	8
47.596617	58.46576690673828	2.8058892439993706	-55.496620178222656	8
47.624417	57.35901641845703	2.8058892439993706	-55.615272521972656	8
47.643207	57.35901641845703	2.8058892439993706	-55.615272521972656	8
47.648466	56.250186920166016	2.8058892439993706	-55.58940505981445	8
47.667083	56.250186920166016	2.8058892439993706	-55.58940505981445	8
47.669783	55.141395568847656	2.8058892439993706	-55.42536926269531	8
47.688757	54.034759521484375	2.8058892439993706	-55.36803436279297	8
47.709998	52.92595291137695	2.8058892439993706	-55.40534973144531	8
47.729394	51.817386627197266	2.8058892439993706	-55.48191833496094	8
47.754423	51.817386627197266	2.8058892439993706	-55.48191833496094	8
47.768314	51.817386627197266	2.8058892439993706	-55.48191833496094	8
47.804377	47.38768768310547	2.8058892439993706	-55.20232009887695	8
47.834915	45.180015563964844	2.8058892439993706	-55.22511291503906	8
47.843603	45.180015563964844	2.8058892439993706	-55.22511291503906	8
47.846186	44.074424743652344	2.8058892439993706	-55.35888671875	8
47.863775	44.074424743652344	2.8058892439993706	-55.35888671875	8
47.872139	42.966949462890625	2.8058892439993706	-55.37513732910156	8
47.891004	41.859615325927734	2.8058892439993706	-55.354183197021484	8
47.911708	40.75274658203125	2.8058892439993706	-55.44239807128906	8
47.931094	39.64800262451172	2.8058892439993706	-55.38587951660156	8
47.961249	37.43989944458008	2.8058892439993706	-55.21965408325195	8
47.972823	37.43989944458008	2.8058892439993706	-55.21965408325195	8
47.990188	36.334716796875	2.8058892439993706	-55.3999137878418	8
48.016448	35.23097610473633	2.8058892439993706	-55.051971435546875	8
48.04241	34.12553405761719	2.8058892439993706	-55.457393646240234	8
48.068556	34.12553405761719	2.8058892439993706	-55.457393646240234	8
48.071534	33.018070220947266	2.8058892439993706	-55.48540496826172	8
48.083309	33.018070220947266	2.8058892439993706	-55.48540496826172	8
48.096623	31.912158966064453	2.8058892439993706	-55.25996017456055	8
48.12059	30.804283142089844	2.8058892439993706	-55.430763244628906	8
48.148885	29.69838523864746	2.8058892439993706	-55.37713623046875	8
48.172663	28.594432830810547	2.8058892439993706	-55.300113677978516	8
48.193996	28.594432830810547	2.8058892439993706	-55.300113677978516	8
48.204193	28.594432830810547	2.8058892439993706	-55.300113677978516	8
48.206935	27.490680694580078	2.8058892439993706	-55.21833038330078	8
48.235426	25.281633377075195	2.8058892439993706	-55.18115234375	8
48.280791	25.281633377075195	2.8058892439993706	-55.18115234375	8
48.304803	25.281633377075195	2.8058892439993706	-55.18115234375	8
48.312622	20.853023529052734	2.8058892439993706	-55.126251220703125	8
48.339012	18.645954132080078	2.8058892439993706	-55.31071090698242	8
48.369766	18.645954132080078	2.8058892439993706	-55.31071090698242	8
48.372493	16.43825340270996	2.8058892439993706	-55.3365364074707	8
48.413888	16.43825340270996	2.8058892439993706	-55.3365364074707	8
48.420316	13.117791175842285	2.8058892439993706	-55.25577163696289	8
48.439514	12.012748718261719	2.8058892439993706	-55.16719055175781	8
48.457107	12.012748718261719	2.8058892439993706	-55.16719055175781	8
48.4596	10.909512519836426	2.8058892439993706	-55.150577545166016	8
48.478218	9.804747581481934	2.8058892439993706	-55.26433181762695	8
48.523134	9.804747581481934	2.8058892439993706	-55.26433181762695	8
48.527312	6.486563205718994	2.8058892439993706	-55.366058349609375	8
48.545622	6.486563205718994	2.8058892439993706	-55.366058349609375	8
48.548296	5.386516571044922	2.8058892439993706	-52.861820220947266	8
48.568777	4.547784328460693	2.8058892439993706	-36.12894821166992	8
48.587764	3.9719185829162598	2.8058892439993706	-24.512197494506836	8
48.621126	3.30621075630188	2.8058892439993706	-11.12625503540039	8
48.633225	3.30621075630188	2.8058892439993706	-11.12625503540039	8
48.65187	3.30621075630188	2.8058892439993706	-11.12625503540039	8
48.654644	3.121716260910034	2.8058892439993706	-7.794356346130371	8
48.675605	2.998028516769409	2.8058892439993706	-5.105958461761475	8
48.698058	2.9132871627807617	2.8058892439993706	-3.495997667312622	8
48.717724	2.855560779571533	2.8058892439993706	-2.4498915672302246	8
48.729964	2.818510055541992	2.8058892439993706	-1.4268097877502441	8
48.742594	2.818510055541992	2.8058892439993706	-1.4268097877502441	8
48.758189	2.818510055541992	2.8058892439993706	-1.4268097877502441	8
48.760586	2.7933990955352783	2.8058892439993706	-1.0268727540969849	8
48.778636	2.7771058082580566	2.8058892439993706	-0.736057698726654	8
48.79808	2.768071413040161	2.8058892439993706	-0.39384862780570984	8
48.818437	2.763289451599121	2.8058892439993706	-0.1803969442844391	8
48.830228	2.760819435119629	2.8058892439993706	-0.09689083695411682	8
48.852626	2.760819435119629	2.7703495025634792	-0.09689083695411682	8
48.855402	2.760819435119629	2.7703495025634792	-0.09689083695411682	8
48.876193	2.7595162391662598	2.7703495025634792	-0.0030731256119906902	8
48.89634	2.7596044540405273	2.7703495025634792	0.0014605557080358267	8
48.91565	2.7597901821136475	2.7703495025634792	-0.01747136563062668	8
48.934661	2.760277271270752	2.7703495025634792	0.0024142414331436157	8
48.944062	2.760277271270752	2.7703495025634792	0.0024142414331436157	8
48.961769	2.760277271270752	2.7703495025634792	0.0024142414331436157	8
48.971598	2.7611947059631348	2.7703495025634792	-0.0007298963028006256	8
48.990459	2.7616355419158936	2.7703495025634792	0.007733967155218124	8
49.009441	2.762805700302124	2.7703495025634792	0.09744268655776978	8
49.027303	2.764037847518921	2.7703495025634792	0.033974915742874146	8
49.055872	2.7645533084869385	2.7703495025634792	-0.06431315094232559	8
49.070628	2.7645533084869385	2.7703495025634792	-0.06431315094232559	8
49.084323	2.7624917030334473	2.7703495025634792	-0.10978777706623077	8
49.102903	2.7605605125427246	2.7703495025634792	-0.09206284582614899	8
49.122109	2.7599668502807617	2.7703495025634792	-0.03453692048788071	8
49.140897	2.7599668502807617	2.7703495025634792	-0.03453692048788071	8
49.153902	2.7593131065368652	2.7703495025634792	-0.025097038596868515	8
49.179523	2.7593131065368652	2.7703495025634792	-0.025097038596868515	8
49.181577	2.7588894367218018	2.7703495025634792	-0.004995371680706739	8
49.202406	2.758747100830078	2.7703495025634792	0.017658120021224022	8
49.222652	2.758373498916626	2.7703495025634792	-0.02976110205054283	8
49.242631	2.758373498916626	2.7703495025634792	-0.02976110205054283	8
49.245263	2.758197784423828	2.7703495025634792	-0.0039262124337255955	8
49.274661	2.7581772804260254	2.7703495025634792	0.030700361356139183	8
49.286657	2.7581772804260254	2.7703495025634792	0.030700361356139183	8
49.302611	2.758197784423828	2.7703495025634792	0.01513609942048788	8
49.322995	2.7582101821899414	2.7703495025634792	-0.011991464532911777	8
49.343573	2.7582101821899414	2.7703495025634792	-0.011991464532911777	8
49.378594	2.764314651489258	2.7703495025634792	-0.2921257019042969	8
49.394303	2.764314651489258	2.7703495025634792	-0.2921257019042969	8
49.407074	2.764359474182129	2.7703495025634792	0.037465650588274	8
49.428	2.76442813873291	2.7703495025634792	-0.0018361648544669151	8
49.445689	2.76442813873291	2.7703495025634792	-0.0018361648544669151	1
49.448208	2.7644436359405518	2.7703495025634792	0.006400453392416239	1
49.467381	2.7644283771514893	2.7703495025634792	-0.0010948306880891323	1
49.480756	2.7644541263580322	2.7703495025634792	0.0026304610073566437	1
49.501478	2.7644541263580322	2.7703495025634792	0.0026304610073566437	1
49.505496	2.764435291290283	2.7703495025634792	-0.0017020526574924588	1
49.524524	2.764453649520874	2.7703495025634792	0.0030663195066154003	1
49.542485	2.764453649520874	2.7703495025634792	0.0030663195066154003	1
49.562978	2.764439344406128	2.7703495025634792	-0.00563223147764802	1
49.594077	2.7644619941711426	2.7703495025634792	0.0033457193057984114	1
49.608827	2.7644619941711426	2.7703495025634792	0.0033457193057984114	1
49.620672	2.7644710540771484	2.7703495025634792	0.0035170805640518665	1
49.639786	2.7644710540771484	2.7703495025634792	0.0035170805640518665	1
49.642325	2.764463424682617	2.7703495025634792	0.0032525842543691397	1
49.661334	2.7644855976104736	2.7703495025634792	0.011027263477444649	1
49.683882	2.764467477798462	2.7703495025634792	0.0009168254910036922	1
49.697649	2.76446270942688	2.7703495025634792	-0.0023949607275426388	1
49.716568	2.76446270942688	2.7703495025634792	-0.0023949607275426388	1
49.723907	2.7644684314727783	2.7703495025634792	-0.0003609528939705342	1
49.742738	2.7644684314727783	2.7703495025634792	-0.0003609528939705342	1
49.745315	2.7644565105438232	2.7703495025634792	-0.008321897126734257	1
49.763561	2.7644612789154053	2.7703495025634792	-0.0017244095215573907	1
49.78324	2.764463186264038	2.7703495025634792	-0.0029127791058272123	1
49.797603	2.764469623565674	2.7703495025634792	-0.0035982325207442045	1
49.814951	2.7644729614257812	2.7703495025634792	-0.0025588765274733305	1
49.82346	2.7644729614257812	2.7703495025634792	-0.0025588765274733305	1
49.839815	2.7644729614257812	2.7703495025634792	-0.0025588765274733305	1
49.842374	2.7644591331481934	2.7703495025634792	-0.008426209911704063	1
49.861401	2.7644600868225098	2.7703495025634792	-0.009972207248210907	1
49.878394	2.764476776123047	2.7703495025634792	-0.003207078669220209	1
49.911098	2.7644879817962646	2.7703495025634792	0.003572948509827256	1
49.931054	2.7644879817962646	2.7703495025634792	0.003572948509827256	1
49.937965	2.7644879817962646	2.7703495025634792	0.003572948509827256	1
49.940591	2.764479398727417	2.7703495025634792	-0.00256260484457016	1
49.959314	2.7644903659820557	2.7703495025634792	0.0007082014344632626	1
49.979763	2.7644879817962646	2.7703495025634792	0.002053029602393508	1
50.000015	2.764484167098999	2.7703495025634792	0.0006970230024307966	1
50.014006	2.7644734382629395	2.7703495025634792	-0.00616496242582798	1
50.032454	2.7644734382629395	2.7703495025634792	-0.00616496242582798	1
50.039115	2.7644734382629395	2.7703495025634792	-0.00616496242582798	1
50.042047	2.764474868774414	2.7703495025634792	-0.006947273854166269	1
50.062648	2.7644903659820557	2.7703495025634792	0.0009801434352993965	1
50.084055	2.7644901275634766	2.7703495025634792	0.00013077771291136742	1
50.105695	2.7644901275634766	2.7703495025634792	0.00036919605918228626	1
50.119753	2.7644898891448975	2.7703495025634792	0.0001158763188868761	1
50.138678	2.7644898891448975	2.7703495025634792	0.0001158763188868761	1
50.141493	2.76448392868042	2.7703495025634792	-0.001616384251974523	1
50.146835	2.76448392868042	2.7703495025634792	-0.001616384251974523	1
50.16939	2.7644901275634766	2.7703495025634792	0.0002499853726476431	1
50.190342	2.7644901275634766	2.7703495025634792	0.0009279866935685277	1
50.21166	2.7644898891448975	2.7703495025634792	0.00011214811820536852	1
50.244135	2.7644898891448975	2.7703495025634792	0.00011214811820536852	1
50.254358	2.7644898891448975	2.7703495025634792	0.00011214811820536852	1
50.271404	2.7644901275634766	2.7703495025634792	0.00027978478465229273	1
50.290903	2.76448392868042	2.7703495025634792	-0.0016983452951535583	1
50.309691	2.7644898891448975	2.7703495025634792	0.00011959648691117764	1
50.329327	2.7644901275634766	2.7703495025634792	0.001043468015268445	1
50.341417	2.7644901275634766	2.7703495025634792	0.001043468015268445	1
50.364207	2.7644901275634766	2.7703495025634792	0.001043468015268445	1
50.373887	2.7644898891448975	2.7703495025634792	0.00011587014887481928	1
50.392312	2.7644898891448975	2.7703495025634792	0.00011587014887481928	1
50.417335	2.7644898891448975	2.7703495025634792	0.00011587014887481928	1
50.436701	2.7644901275634766	2.7703495025634792	0.0005889810854569077	1
50.471596	2.7644901275634766	2.7703495025634792	0.0005889810854569077	1
50.480302	2.7644898891448975	2.7703495025634792	0.00011214392725378275	1
50.506139	2.7644898891448975	2.7703495025634792	0.00011214392725378275	1
50.527343	2.7644898891448975	2.7703495025634792	0.00011214357800781727	1
50.54662	2.7644898891448975	2.7703495025634792	0.00011214357800781727	1
50.573076	2.7644898891448975	2.7703495025634792	0.00011214357800781727	1
50.578741	2.7644898891448975	2.7703495025634792	0.00011214357800781727	1
50.600371	2.7644898891448975	2.7703495025634792	0.00010841828770935535	1
50.614482	2.7644901275634766	2.7703495025634792	0.00011586886830627918	1
50.633928	2.7644898891448975	2.7703495025634792	0.00011214357800781727	1
50.651543	2.7644898891448975	2.7703495025634792	0.00011214357800781727	1
50.686122	2.7644898891448975	2.7703495025634792	0.00011214357800781727	1
50.705975	2.7644898891448975	2.7703495025634792	0.00011214357800781727	1
50.724979	2.7644898891448975	2.7703495025634792	0.00011214357800781727	1
50.744136	2.7644898891448975	2.7703495025634792	0.00011214357800781727	1
50.746728	2.7644898891448975	2.7703495025634792	0.00011214357800781727	1
50.777103	2.7644898891448975	2.7703495025634792	0.00011214357800781727	1
50.793588	2.7644898891448975	2.7703495025634792	0.00011214357800781727	1
50.803727	2.7644898891448975	2.7703495025634792	0.00011214357800781727	1
50.823233	2.7644898891448975	2.7703495025634792	0.00011214357800781727	1
50.841641	2.7644898891448975	2.7703495025634792	0.00011214357800781727	1
50.861694	2.7644898891448975	2.7703495025634792	0.00011214357800781727	1
50.874127	2.7644898891448975	2.7703495025634792	0.00011214357800781727	1
50.893345	2.7644898891448975	2.7703495025634792	0.00011214357800781727	1
50.900699	2.7644898891448975	2.7703495025634792	0.00011214357800781727	1
50.918467	2.7644898891448975	2.7703495025634792	0.00011214357800781727	1
50.936735	2.7644898891448975	2.7703495025634792	0.00011214357800781727	1
50.939266	2.7644898891448975	2.7703495025634792	0.00011214357800781727	1
50.9583	2.7644898891448975	2.7703495025634792	0.00011214357800781727	1
50.991986	2.7644898891448975	2.7703495025634792	0.00011214357800781727	1
51.007974	2.7644898891448975	2.7703495025634792	0.00011214357800781727	1
51.018793	2.7644898891448975	2.7703495025634792	0.00011214357800781727	1
51.03776	2.7644898891448975	2.7703495025634792	0.00011214357800781727	1
51.040324	2.7644898891448975	2.7703495025634792	0.00011214357800781727	1
51.059451	2.7644898891448975	2.7703495025634792	0.00011214357800781727	1
51.081491	2.7644898891448975	2.7703495025634792	0.00011214357800781727	1
51.096728	2.7644898891448975	2.7703495025634792	0.00011214357800781727	1
51.115717	2.7644898891448975	2.7703495025634792	0.00011214357800781727	1
51.125409	2.7644898891448975	2.7703495025634792	0.00011214357800781727	1
51.145338	2.7644898891448975	2.7703495025634792	0.00011214357800781727	1
51.148066	2.7644898891448975	2.7703495025634792	0.00011214357800781727	1
51.16696	2.7644898891448975	2.7703495025634792	0.00011214357800781727	1
51.187441	2.7644898891448975	2.7703495025634792	0.00011214357800781727	1
51.223122	2.7644898891448975	2.7703495025634792	0.00011214357800781727	1
51.226491	2.7644898891448975	2.7703495025634792	0.00011214357800781727	1
51.24494	2.7644898891448975	2.7703495025634792	0.00011214357800781727	1
51.247457	2.7644898891448975	2.7703495025634792	0.00011214357800781727	1
51.265791	2.7644898891448975	2.7703495025634792	0.00011214357800781727	1
51.284746	2.7644898891448975	2.7703495025634792	0.00011214357800781727	1
51.315352	2.7644898891448975	2.7703495025634792	0.00011214357800781727	1
51.330762	2.7644898891448975	2.7703495025634792	0.00011214357800781727	1
51.341049	2.7644898891448975	2.7703495025634792	0.00011214357800781727	1
51.343675	2.7644898891448975	2.7703495025634792	0.00011214357800781727	1
51.362191	2.7644898891448975	2.7703495025634792	0.00011214357800781727	1
51.382322	2.7644898891448975	2.7703495025634792	0.00011214357800781727	1
51.402327	2.7644898891448975	2.7703495025634792	0.00011214357800781727	1
51.415599	2.7644898891448975	2.7703495025634792	0.00011214357800781727	1
51.43802	2.7644898891448975	2.7703495025634792	0.00011214357800781727	1
51.441228	2.7644898891448975	2.7703495025634792	0.00011214357800781727	1
51.443845	2.7644898891448975	2.7703495025634792	0.00011214357800781727	1
51.4631	2.7644898891448975	2.7703495025634792	9.351725020678714e-05	1
51.484196	2.7644898891448975	2.7703495025634792	0.00010841841867659241	1
51.505754	2.7644898891448975	2.7703495025634792	0.00010841841867659241	1
51.546136	2.7644898891448975	2.7703495025634792	0.00010841841867659241	1
51.548433	2.7644898891448975	2.7703495025634792	0.00010841841867659241	1
51.551404	2.7644898891448975	2.7703495025634792	0.00010841841867659241	1
51.571769	2.7644898891448975	2.7703495025634792	0.00010841841867659241	1
51.593393	2.7644898891448975	2.7703495025634792	0.00010841830226127058	1
51.614743	2.7644898891448975	2.7703495025634792	0.00010841830226127058	1
51.654616	2.7644898891448975	2.7703495025634792	0.00010841830226127058	1
51.65954	2.7644898891448975	2.7703495025634792	0.00010841830226127058	1
51.662283	2.7644898891448975	2.7703495025634792	0.00011586911568883806	1
51.680314	2.7644898891448975	2.7703495025634792	0.00011586911568883806	1
51.698995	2.7644898891448975	2.7703495025634792	0.00011586911568883806	1
51.71788	2.7644896507263184	2.7703495025634792	-0.00031253963243216276	1
51.735122	2.7644898891448975	2.7703495025634792	0.00011586876644287258	1
51.746291	2.7644898891448975	2.7703495025634792	0.00011586876644287258	1
51.762114	2.7644898891448975	2.7703495025634792	0.00011586876644287258	1
51.773387	2.7644898891448975	2.7703495025634792	0.00011586876644287258	1
51.791834	2.7644898891448975	2.7703495025634792	0.00011586876644287258	1
51.810625	2.7644898891448975	2.7703495025634792	0.00010841841867659241	1
51.826913	2.7644898891448975	2.7703495025634792	0.00010841841867659241	1
51.839188	2.7644898891448975	2.7703495025634792	0.00010841841867659241	1
51.856362	2.7644898891448975	2.7703495025634792	0.00010841841867659241	1
51.870079	2.7644898891448975	2.7703495025634792	0.00010841841867659241	1
51.884958	2.7644898891448975	2.7703495025634792	0.00010841841867659241	1
51.90522	2.7644898891448975	2.7703495025634792	0.00010841841867659241	1
51.925961	2.7644898891448975	2.7703495025634792	0.00010841841867659241	1
51.945368	2.7644898891448975	2.7703495025634792	0.00010841841867659241	1
51.948068	2.7644898891448975	2.7703495025634792	0.00010841841867659241	1
51.960494	2.7644898891448975	2.7703495025634792	0.00012704487016890198	1
51.977675	2.7644898891448975	2.7703495025634792	0.00012704487016890198	1
51.988077	2.7644898891448975	2.7703495025634792	0.00011214370897505432	1
52.008735	2.7644898891448975	2.7703495025634792	0.00011214370897505432	1
52.029337	2.7644972801208496	2.7703495025634792	0.0026527917943894863	1
52.04802	2.7644972801208496	2.7703495025634792	0.0026527917943894863	1
52.050657	2.7644896507263184	2.7703495025634792	-0.00041684764437377453	1
52.079529	2.7644894123077393	2.7703495025634792	-0.001310917199589312	1
52.085223	2.7644894123077393	2.7703495025634792	-0.001310917199589312	1
52.104952	2.7644898891448975	2.7703495025634792	0.00010841841867659241	1
52.123458	2.764491081237793	2.7703495025634792	-0.0007558490615338087	1
52.141254	2.764491081237793	2.7703495025634792	-0.0007558490615338087	1
52.173924	2.7644898891448975	2.7703495025634792	0.00010841841867659241	1
52.192252	2.7644898891448975	2.7703495025634792	0.00010841841867659241	1
52.199931	2.7644898891448975	2.7703495025634792	-6.294460035860538e-05	1
52.219441	2.7644896507263184	2.7703495025634792	-0.0008564314339309931	1
52.237566	2.7644896507263184	2.7703495025634792	-0.0008564314339309931	1
52.240075	2.7644896507263184	2.7703495025634792	-0.0002939127152785659	1
52.258815	2.7644996643066406	2.7703495025634792	0.004098204430192709	1
52.272499	2.7644896507263184	2.7703495025634792	-0.0006925180787220597	1
52.292785	2.7644898891448975	2.7703495025634792	-4.431756678968668e-05	1
52.29989	2.7644898891448975	2.7703495025634792	-4.431756678968668e-05	1
52.319916	2.7644898891448975	2.7703495025634792	-4.8042391426861286e-05	1
52.340009	2.7644898891448975	2.7703495025634792	-4.8042391426861286e-05	1
52.342714	2.7644898891448975	2.7703495025634792	0.00011587039625737816	1
52.362894	2.764504909515381	2.7703495025634792	0.0075217485427856445	1
52.395812	2.7644946575164795	2.7703495025634792	0.0010024900548160076	1
52.407509	2.7644946575164795	2.7703495025634792	0.0010024900548160076	1
52.422506	2.7644898891448975	2.7703495025634792	-3.686617128551006e-05	1
52.441406	2.7644898891448975	2.7703495025634792	-3.686617128551006e-05	1
52.443956	2.7644898891448975	2.7703495025634792	4.136539428145625e-05	1
52.463394	2.7644896507263184	2.7703495025634792	-0.0006701649399474263	1
52.495445	2.7644898891448975	2.7703495025634792	-0.0012550336541607976	1
52.514618	2.7644898891448975	2.7703495025634792	-0.0012550336541607976	1
52.521187	2.7644901275634766	2.7703495025634792	-0.0011991510400548577	1
52.539295	2.7644901275634766	2.7703495025634792	-0.0011991510400548577	1
52.541939	2.7644898891448975	2.7703495025634792	0.00011587644985411316	1
52.560935	2.7644896507263184	2.7703495025634792	-0.0006776100490242243	1
52.580567	2.7644898891448975	2.7703495025634792	1.5293948308681138e-05	1
52.615067	2.764493465423584	2.7703495025634792	0.00030586772481910884	1
52.622214	2.764493465423584	2.7703495025634792	0.00030586772481910884	1
52.641572	2.764493465423584	2.7703495025634792	0.00030586772481910884	1
52.644217	2.7644896507263184	2.7703495025634792	-0.0008042679401114583	1
52.664082	2.764491081237793	2.7703495025634792	-0.0007707399781793356	1
52.684205	2.7644898891448975	2.7703495025634792	0.0001084283139789477	1
52.716306	2.7644894123077393	2.7703495025634792	-0.0016908838879317045	1
52.729766	2.7644894123077393	2.7703495025634792	-0.0016908838879317045	1
52.742234	2.7644894123077393	2.7703495025634792	-0.0016908838879317045	1
52.744879	2.7644898891448975	2.7703495025634792	9.725639392854646e-05	1
52.763828	2.7644898891448975	2.7703495025634792	-0.0011358145857229829	1
52.783611	2.7644898891448975	2.7703495025634792	-4.057888872921467e-05	1
52.804421	2.7644894123077393	2.7703495025634792	-0.001046406221576035	1
52.818152	2.7644896507263184	2.7703495025634792	-0.0009048451902344823	1
52.837153	2.7644896507263184	2.7703495025634792	-0.0009048451902344823	1
52.843398	2.7644896507263184	2.7703495025634792	-0.0009048451902344823	1
52.846225	2.76450514793396	2.7703495025634792	0.007648422382771969	1
52.865975	2.7644903659820557	2.7703495025634792	-0.0013034493895247579	1
52.886298	2.7644896507263184	2.7703495025634792	-0.0002193895634263754	1
52.907727	2.7644906044006348	2.7703495025634792	-0.0009309189626947045	1
52.944819	2.7644906044006348	2.7703495025634792	-0.0009309189626947045	1
52.946937	2.7644906044006348	2.7703495025634792	-0.0009309189626947045	1
52.949761	2.7644896507263184	2.7703495025634792	-0.00016723258886486292	1
52.969426	2.7644898891448975	2.7703495025634792	4.131230980419787e-06	1
52.989537	2.7644896507263184	2.7703495025634792	-0.0016349968500435352	1
53.00831	2.7644898891448975	2.7703495025634792	4.138355507166125e-05	1
53.039083	2.7644898891448975	2.7703495025634792	4.138355507166125e-05	1
53.052428	2.7644898891448975	2.7703495025634792	4.138355507166125e-05	1
53.066071	2.7644896507263184	2.7703495025634792	-0.0011432567844167352	1
53.085723	2.7644898891448975	2.7703495025634792	0.00012706710549537092	1
53.104502	2.7644898891448975	2.7703495025634792	-7.409846875816584e-05	1
53.123221	2.7644922733306885	2.7703495025634792	-0.0006813198560848832	1
53.134907	2.7644922733306885	2.7703495025634792	-0.0006813198560848832	1
53.137693	2.7644896507263184	2.7703495025634792	-0.0002566354814916849	1
53.159507	2.7644896507263184	2.7703495025634792	-0.0002566354814916849	1
53.16352	2.7644925117492676	2.7703495025634792	-0.00027898710686713457	1
53.183445	2.7644898891448975	2.7703495025634792	0.00010844483767868951	1
53.205834	2.764504909515381	2.7703495025634792	0.005893821362406015	1
53.230102	2.7644896507263184	2.7703495025634792	-0.001936738146468997	1
53.252182	2.7644896507263184	2.7703495025634792	-0.0007856234442442656	1
53.269075	2.7644896507263184	2.7703495025634792	-0.0007856234442442656	1
53.286888	2.764491081237793	2.7703495025634792	-0.0008377765188924968	1
53.311567	2.764491558074951	2.7703495025634792	-0.0009718865039758384	1
53.339909	2.7644941806793213	2.7703495025634792	-0.0004279918211977929	1
53.369842	2.7644996643066406	2.7703495025634792	0.0015650388086214662	1
53.377426	2.7644996643066406	2.7703495025634792	0.0015650388086214662	1
53.395397	2.7644996643066406	2.7703495025634792	0.0015650388086214662	1
53.414346	2.7644898891448975	2.7703495025634792	0.00010845089855138212	1
53.438135	2.7644894123077393	2.7703495025634792	-0.000781891169026494	1
53.485603	2.7644894123077393	2.7703495025634792	-0.000781891169026494	1
53.499622	2.7644894123077393	2.7703495025634792	-0.000781891169026494	1
53.524225	2.764490842819214	2.7703495025634792	-0.0021639687474817038	1
53.541137	2.7644896507263184	2.7703495025634792	-0.0006775767542421818	1
53.55638	2.764490842819214	2.7703495025634792	-0.0019404471386224031	1
53.569184	2.764490842819214	2.7703495025634792	-0.0019404471386224031	1
53.570563	2.764509677886963	2.7703495025634792	0.00816999189555645	1
53.593001	2.764509677886963	2.7703495025634792	0.00816999189555645	1
53.604184	2.7644896507263184	2.7703495025634792	-0.00026406452525407076	1
53.650972	2.7644896507263184	2.7703495025634792	-0.00026406452525407076	1
53.667445	2.764505386352539	2.7703495025634792	0.00654577324166894	1
53.679248	2.7644922733306885	2.7703495025634792	-0.0027600019238889217	1
53.700342	2.7644922733306885	2.7703495025634792	-0.0027600019238889217	1
53.706464	2.7644896507263184	2.7703495025634792	-0.00010759534779936075	1
53.726183	2.76448917388916	2.7703495025634792	-0.0013853681739419699	1
53.74474	2.76448917388916	2.7703495025634792	-0.0013853681739419699	1
53.747406	2.7644896507263184	2.7703495025634792	-0.0005136488471180201	1
53.766401	2.7644906044006348	2.7703495025634792	-0.002253358718007803	1
53.801718	2.7644917964935303	2.7703495025634792	-0.0025253016501665115	1
53.808223	2.7644917964935303	2.7703495025634792	-0.0025253016501665115	1
53.829548	2.76450777053833	2.7703495025634792	0.007383972406387329	1
53.848556	2.76450777053833	2.7703495025634792	0.007383972406387329	1
53.851182	2.764491558074951	2.7703495025634792	-0.0023055074270814657	1
53.868231	2.7644896507263184	2.7703495025634792	-0.0015306455316022038	1
53.887379	2.764495372772217	2.7703495025634792	0.0008125631138682365	1
53.901244	2.7644975185394287	2.7703495025634792	-0.0010612572077661753	1
53.915822	2.7644975185394287	2.7703495025634792	-0.0010612572077661753	1
53.927785	2.76448917388916	2.7703495025634792	-0.0022272716742008924	1
53.94624	2.76448917388916	2.7703495025634792	-0.0022272716742008924	1
53.948914	2.764504909515381	2.7703495025634792	0.004996068309992552	1
53.986467	2.764493942260742	2.7703495025634792	-0.000722250493708998	1
54.018378	2.764493942260742	2.7703495025634792	-0.001560439821332693	1
54.023322	2.764493942260742	2.7703495025634792	-0.001560439821332693	1
54.042522	2.764493942260742	2.7703495025634792	-0.001560439821332693	1
54.045072	2.764500617980957	2.7703495025634792	0.0007641431293450296	1
54.063593	2.7644894123077393	2.7703495025634792	-0.0019664946012198925	1
54.082669	2.7645046710968018	2.7703495025634792	0.0064973654225468636	1
54.114129	2.76448917388916	2.7703495025634792	-0.0021229546982795	1
54.130713	2.76448917388916	2.7703495025634792	-0.0021229546982795	1
54.139	2.76448917388916	2.7703495025634792	-0.0021229546982795	1
54.141629	2.76448917388916	2.7703495025634792	-0.0014300490729510784	1
54.15985	2.764498233795166	2.7703495025634792	-0.0018361031543463469	1
54.178971	2.764503240585327	2.7703495025634792	-0.0008898794767446816	1
54.198718	2.7644970417022705	2.7703495025634792	0.00206427788361907	1
54.212385	2.7645044326782227	2.7703495025634792	0.006326010916382074	1
54.23167	2.7645044326782227	2.7703495025634792	0.006326010916382074	1
54.238117	2.7645044326782227	2.7703495025634792	0.006326010916382074	1
54.240935	2.764493942260742	2.7703495025634792	-0.0009383059805259109	1
54.260462	2.764500856399536	2.7703495025634792	0.0008796370821073651	1
54.280434	2.7645022869110107	2.7703495025634792	0.0012819694820791483	1
54.301242	2.764493227005005	2.7703495025634792	-0.0023613630328327417	1
54.335242	2.764493227005005	2.7703495025634792	-0.0023613630328327417	1
54.33816	2.76450514793396	2.7703495025634792	0.007387725170701742	1
54.345678	2.76450514793396	2.7703495025634792	0.007387725170701742	1
54.365502	2.76450777053833	2.7703495025634792	0.0031706951558589935	1
54.386812	2.764491319656372	2.7703495025634792	-0.0029760340694338083	1
54.407356	2.7645092010498047	2.7703495025634792	0.006381896324455738	1
54.43784	2.7645092010498047	2.7703495025634792	0.006381896324455738	1
54.440367	2.7644906044006348	2.7703495025634792	-0.0025960535276681185	1
54.452987	2.7644906044006348	2.7703495025634792	-0.0025960535276681185	1
54.465238	2.764488935470581	2.7703495025634792	-0.002558799460530281	1
54.483695	2.764505624771118	2.7703495025634792	0.004206329584121704	1
54.502675	2.7644948959350586	2.7703495025634792	-0.0018882467411458492	1
54.521975	2.7645092010498047	2.7703495025634792	0.005368620622903109	1
54.532336	2.7645092010498047	2.7703495025634792	0.005368620622903109	1
54.535249	2.764495849609375	2.7703495025634792	-0.002976029645651579	1
54.553869	2.7644920349121094	2.7703495025634792	-0.004577902611345053	1
54.560343	2.7644920349121094	2.7703495025634792	-0.004577902611345053	1
54.57985	2.7645046710968018	2.7703495025634792	0.006411707028746605	1
54.599513	2.76448917388916	2.7703495025634792	-0.0014225784689188004	1
54.620717	2.7644951343536377	2.7703495025634792	0.0003506596549414098	1
54.656438	2.7644968032836914	2.7703495025634792	0.0003357615787535906	1
54.667976	2.7644968032836914	2.7703495025634792	0.0003357615787535906	1
54.684906	2.764504909515381	2.7703495025634792	0.0032787425443530083	1
54.705857	2.7644965648651123	2.7703495025634792	-0.0022533119190484285	1
54.725931	2.764488697052002	2.7703495025634792	-0.004209090955555439	1
54.74598	2.764488697052002	2.7703495025634792	-0.004209090955555439	1
54.760991	2.764491319656372	2.7703495025634792	-0.0016274643130600452	1
54.77538	2.764491319656372	2.7703495025634792	-0.0016274643130600452	1
54.788671	2.7644994258880615	2.7703495025634792	-0.0005806568078696728	1
54.809424	2.7645046710968018	2.7703495025634792	0.0006822188152000308	1
54.829712	2.764491558074951	2.7703495025634792	-0.006041930988430977	1
54.847926	2.764491558074951	2.7703495025634792	-0.006041930988430977	1
54.850575	2.7644927501678467	2.7703495025634792	-0.0030430725309997797	1
54.882774	2.7644927501678467	2.7703495025634792	-0.0030430725309997797	1
54.888977	2.76450777053833	2.7703495025634792	0.0024666371755301952	1
54.909113	2.7644906044006348	2.7703495025634792	-0.0030095409601926804	1
54.928784	2.7644901275634766	2.7703495025634792	-0.002175074303522706	1
54.947212	2.7644901275634766	2.7703495025634792	-0.002175074303522706	1
54.949999	2.764491081237793	2.7703495025634792	-0.005349019076675177	1
54.981473	2.764488697052002	2.7703495025634792	-0.0037545920349657536	1
54.990996	2.764488697052002	2.7703495025634792	-0.0037545920349657536	1
55.008943	2.764488935470581	2.7703495025634792	-0.0023315283469855785	1
55.028242	2.7644968032836914	2.7703495025634792	-0.0036167509388178587	1
55.04635	2.7644968032836914	2.7703495025634792	-0.0036167509388178587	1
55.048861	2.7645106315612793	2.7703495025634792	0.006098808255046606	1
55.067021	2.7645015716552734	2.7703495025634792	0.0033905222080647945	1
55.079763	2.7645106315612793	2.7703495025634792	0.006594274193048477	1
55.098359	2.7645106315612793	2.7703495025634792	0.006594274193048477	1
55.105417	2.764503002166748	2.7703495025634792	0.002403321908786893	1
55.124615	2.7645111083984375	2.7703495025634792	0.005469237919896841	1
55.143077	2.7645111083984375	2.7703495025634792	0.005469237919896841	1
55.145833	2.7645158767700195	2.7703495025634792	0.00793538149446249	1
55.164881	2.7644946575164795	2.7703495025634792	-0.001478424877859652	1
55.198054	2.7644896507263184	2.7703495025634792	-0.0018509509973227978	1
55.206023	2.7644896507263184	2.7703495025634792	-0.0018509509973227978	1
55.226222	2.7644989490509033	2.7703495025634792	-8.888967568054795e-05	1
55.245763	2.7644989490509033	2.7703495025634792	-8.888967568054795e-05	1
55.248388	2.764512538909912	2.7703495025634792	0.004016381222754717	1
55.267842	2.764488935470581	2.7703495025634792	-0.004168082494288683	1
55.3042	2.7645106315612793	2.7703495025634792	0.0029509474989026785	1
55.313796	2.7645106315612793	2.7703495025634792	0.0029509474989026785	1
55.330477	2.7644975185394287	2.7703495025634792	-0.0015156740555539727	1
55.347422	2.7644975185394287	2.7703495025634792	-0.0015156740555539727	1
55.349975	2.764495849609375	2.7703495025634792	-0.005077050533145666	1
55.36733	2.764493942260742	2.7703495025634792	-0.0029499102383852005	1
55.385577	2.7644894123077393	2.7703495025634792	-0.005613492336124182	1
55.39712	2.764497995376587	2.7703495025634792	-0.0023575848899781704	1
55.415528	2.7644989490509033	2.7703495025634792	-0.00030122415046207607	1
55.421044	2.7644989490509033	2.7703495025634792	-0.00030122415046207607	1
55.442952	2.7644989490509033	2.7703495025634792	-0.00030122415046207607	1
55.446608	2.7645013332366943	2.7703495025634792	0.0009057684801518917	1
55.467105	2.764493942260742	2.7703495025634792	-0.0038775051943957806	1
55.486498	2.7644898891448975	2.7703495025634792	-0.0035720316227525473	1
55.520981	2.764518976211548	2.7703495025634792	0.011116785928606987	1
55.528342	2.764518976211548	2.7703495025634792	0.011116785928606987	1
55.546824	2.764518976211548	2.7703495025634792	0.011116785928606987	1
55.549363	2.7644927501678467	2.7703495025634792	-0.0029722603503614664	1
55.568553	2.764514923095703	2.7703495025634792	0.0017700341995805502	1
55.588171	2.764516830444336	2.7703495025634792	0.004329310264438391	1
55.608494	2.764497995376587	2.7703495025634792	-0.0005508194444701076	1
55.621587	2.764493465423584	2.7703495025634792	-0.002800895832479	1
55.636439	2.764493465423584	2.7703495025634792	-0.002800895832479	1
55.643545	2.764493465423584	2.7703495025634792	-0.002800895832479	1
55.646529	2.764491558074951	2.7703495025634792	-0.006276592146605253	1
55.667217	2.764495372772217	2.7703495025634792	-0.003877504961565137	1
55.686034	2.7645020484924316	2.7703495025634792	-0.0004353369295131415	1
55.708713	2.764505624771118	2.7703495025634792	0.0035060185473412275	1
55.723587	2.7645204067230225	2.7703495025634792	0.00555865652859211	1
55.744947	2.7645204067230225	2.7703495025634792	0.00555865652859211	1
55.750768	2.7645204067230225	2.7703495025634792	0.00555865652859211	1
55.753595	2.764514923095703	2.7703495025634792	0.006754477974027395	1
55.775295	2.7644972801208496	2.7703495025634792	-0.004942934028804302	1
55.797322	2.7645177841186523	2.7703495025634792	0.0035544559359550476	1
55.820341	2.764500856399536	2.7703495025634792	-0.0004427804087754339	1
55.852412	2.764500856399536	2.7703495025634792	-0.0004427804087754339	1
55.857064	2.764500856399536	2.7703495025634792	-0.0004427804087754339	1
55.876663	2.7645187377929688	2.7703495025634792	0.005901389755308628	1
55.893848	2.764519453048706	2.7703495025634792	0.006557042244821787	1
55.911026	2.7645084857940674	2.7703495025634792	0.000719512696377933	1
55.928704	2.7645034790039062	2.7703495025634792	0.0013192846672609448	1
55.939213	2.7645034790039062	2.7703495025634792	0.0013192846672609448	1
55.959544	2.7645034790039062	2.7703495025634792	0.0013192846672609448	1
55.96545	2.7645013332366943	2.7703495025634792	0.0019600375089794397	1
55.982514	2.764518976211548	2.7703495025634792	0.003699749242514372	1
56.001213	2.7644917964935303	2.7703495025634792	-0.003855138085782528	1
56.018843	2.7645161151885986	2.7703495025634792	0.00616961857303977	1
56.033388	2.7645161151885986	2.7703495025634792	0.00616961857303977	1
56.052659	2.764493703842163	2.7703495025634792	-0.0044698091223835945	1
56.066661	2.764493703842163	2.7703495025634792	-0.0044698091223835945	1
56.078579	2.7645111083984375	2.7703495025634792	0.0033197763841599226	1
56.09874	2.764505624771118	2.7703495025634792	-0.00042041653068736196	1
56.118123	2.76450252532959	2.7703495025634792	-0.0002751311403699219	1
56.136831	2.76450252532959	2.7703495025634792	-0.0002751311403699219	1
56.152566	2.7645225524902344	2.7703495025634792	0.010025297291576862	1
56.174068	2.7645225524902344	2.7703495025634792	0.010025297291576862	1
56.179498	2.7645039558410645	2.7703495025634792	0.0025560895446687937	1
56.200947	2.7645058631896973	2.7703495025634792	0.004694405477494001	1
56.221607	2.76450252532959	2.7703495025634792	0.00022778335551265627	1
56.240816	2.76450252532959	2.7703495025634792	0.00022778335551265627	1
56.243295	2.7645010948181152	2.7703495025634792	-0.001463499153032899	1
56.255814	2.764519691467285	2.7703495025634792	0.007696989923715591	1
56.27478	2.764491319656372	2.7703495025634792	-0.004808808211237192	1
56.281496	2.764491319656372	2.7703495025634792	-0.004808808211237192	1
56.301308	2.764510154724121	2.7703495025634792	0.0010510736610740423	1
56.32044	2.764507293701172	2.7703495025634792	6.75971241435036e-05	1
56.338529	2.764507293701172	2.7703495025634792	6.75971241435036e-05	1
56.341468	2.764524459838867	2.7703495025634792	0.008035995066165924	1
56.355701	2.7645058631896973	2.7703495025634792	0.0022133663296699524	1
56.375298	2.7645225524902344	2.7703495025634792	0.009801782667636871	1
56.391553	2.7645225524902344	2.7703495025634792	0.009801782667636871	1
56.41408	2.764529228210449	2.7703495025634792	0.009790608659386635	1
56.446792	2.7645041942596436	2.7703495025634792	0.0009765708819031715	1
56.473835	2.7645041942596436	2.7703495025634792	0.0009765708819031715	1
56.478657	2.764511823654175	2.7703495025634792	0.0012857692781835794	1
56.504253	2.764511823654175	2.7703495025634792	0.0012857692781835794	1
56.51602	2.764493465423584	2.7703495025634792	-0.006023251451551914	1
56.53102	2.764500379562378	2.7703495025634792	-0.006932220887392759	1
56.551459	2.764491081237793	2.7703495025634792	-0.007394160144031048	1
56.571131	2.764518976211548	2.7703495025634792	0.008110501803457737	1
56.587754	2.764518976211548	2.7703495025634792	0.008110501803457737	1
56.607348	2.7645111083984375	2.7703495025634792	0.0009952004766091704	1
56.613472	2.7645111083984375	2.7703495025634792	0.0009952004766091704	1
56.657533	2.7645111083984375	2.7703495025634792	0.0009952004766091704	1
56.671383	2.764509677886963	2.7703495025634792	-0.0032516245264559984	1
56.691638	2.7645061016082764	2.7703495025634792	-0.0005805942346341908	1
56.709775	2.7645132541656494	2.7703495025634792	0.0025598241481930017	1
56.720593	2.7645132541656494	2.7703495025634792	0.0025598241481930017	1
56.734267	2.7645132541656494	2.7703495025634792	0.0025598241481930017	1
56.737012	2.7645037174224854	2.7703495025634792	0.0008759924094192684	1
56.75669	2.7645065784454346	2.7703495025634792	-0.0034416213165968657	1
56.775694	2.764500141143799	2.7703495025634792	-0.007934323512017727	1
56.809489	2.7645139694213867	2.7703495025634792	0.00437031127512455	1
56.827422	2.7645139694213867	2.7703495025634792	0.00437031127512455	1
56.834379	2.7645139694213867	2.7703495025634792	0.00437031127512455	1
56.836957	2.7645092010498047	2.7703495025634792	-0.004451178014278412	1
56.855568	2.76450514793396	2.7703495025634792	-0.0037582749500870705	1
56.876545	2.7645294666290283	2.7703495025634792	0.005901404656469822	1
56.896197	2.764509916305542	2.7703495025634792	-0.0016348585486412048	1
56.910269	2.7645061016082764	2.7703495025634792	-0.00012611593410838395	1
56.928382	2.7645061016082764	2.7703495025634792	-0.00012611593410838395	1
56.934806	2.7645061016082764	2.7703495025634792	-0.00012611593410838395	1
56.937649	2.7645151615142822	2.7703495025634792	0.002112786751240492	1
56.958191	2.7645211219787598	2.7703495025634792	0.0029174506198614836	1
56.979089	2.7645256519317627	2.7703495025634792	0.005737495608627796	1
57.000316	2.7645156383514404	2.7703495025634792	0.0036289819981902838	1
57.033936	2.7645156383514404	2.7703495025634792	0.0036289819981902838	1
57.036566	2.7645037174224854	2.7703495025634792	-0.0023948093876242638	1
57.042378	2.7645037174224854	2.7703495025634792	-0.0023948093876242638	1
57.062742	2.7645392417907715	2.7703495025634792	0.011239754036068916	1
57.083591	2.7644917964935303	2.7703495025634792	-0.01132060308009386	1
57.10462	2.7644968032836914	2.7703495025634792	-0.005371313542127609	1
57.136914	2.7644968032836914	2.7703495025634792	-0.005371313542127609	1
57.140161	2.764533042907715	2.7703495025634792	0.00912751816213131	1
57.150013	2.764533042907715	2.7703495025634792	0.00912751816213131	1
57.166798	2.7645058631896973	2.7703495025634792	-0.00023040894302539527	1
57.18624	2.7645108699798584	2.7703495025634792	-0.00033098988933488727	1
57.206857	2.764509916305542	2.7703495025634792	0.0006264093681238592	1
57.226893	2.764500856399536	2.7703495025634792	-0.007364337798207998	1
57.238797	2.764500856399536	2.7703495025634792	-0.007364337798207998	1
57.241401	2.76452898979187	2.7703495025634792	0.007592703681439161	1
57.257715	2.76452898979187	2.7703495025634792	0.007592703681439161	1
57.26661	2.764503002166748	2.7703495025634792	-0.0075319791212677956	1
57.286256	2.764522075653076	2.7703495025634792	0.00686254259198904	1
57.306614	2.76450252532959	2.7703495025634792	-0.0069731841795146465	1
57.326736	2.7645139694213867	2.7703495025634792	0.0022469088435173035	1
57.33994	2.7645373344421387	2.7703495025634792	0.011623464524745941	1
57.359279	2.7645280361175537	2.7703495025634792	0.006635300815105438	1
57.365328	2.7645280361175537	2.7703495025634792	0.006635300815105438	1
57.389785	2.7645156383514404	2.7703495025634792	-0.0021712875459343195	1
57.411461	2.764531135559082	2.7703495025634792	0.007179191801697016	1
57.432373	2.7644996643066406	2.7703495025634792	-0.008534080348908901	1
57.466311	2.764505624771118	2.7703495025634792	-0.00026766295195557177	1
57.472966	2.764505624771118	2.7703495025634792	-0.00026766295195557177	1
57.492312	2.7645270824432373	2.7703495025634792	0.0021426009479910135	1
57.512292	2.764531135559082	2.7703495025634792	0.006821567192673683	1
57.531436	2.764512062072754	2.7703495025634792	0.0013304915046319366	1
57.549972	2.764512062072754	2.7703495025634792	0.0013304915046319366	1
57.552522	2.7645177841186523	2.7703495025634792	0.00011604707106016576	1
57.564261	2.7645397186279297	2.7703495025634792	0.009336138144135475	1
57.580285	2.7645397186279297	2.7703495025634792	0.009336138144135475	1
57.585546	2.764517307281494	2.7703495025634792	0.0010957956546917558	1
57.603774	2.7645063400268555	2.7703495025634792	-0.002730077598243952	1
57.622718	2.764519453048706	2.7703495025634792	0.002436900744214654	1
57.641175	2.764519453048706	2.7703495025634792	0.002436900744214654	1
57.643747	2.764514446258545	2.7703495025634792	-0.001921689254231751	1
57.676239	2.764537811279297	2.7703495025634792	0.01077782642096281	1
57.687348	2.764537811279297	2.7703495025634792	0.01077782642096281	1
57.70283	2.7644989490509033	2.7703495025634792	-0.0008003715774975717	1
57.722214	2.7645323276519775	2.7703495025634792	0.008769897744059563	1
57.740389	2.7645323276519775	2.7703495025634792	0.008769897744059563	1
57.743259	2.764512538909912	2.7703495025634792	-0.0019589404109865427	1
57.762194	2.764517307281494	2.7703495025634792	-0.001649739220738411	1
57.775209	2.7645137310028076	2.7703495025634792	-0.0038774670101702213	1
57.796703	2.7645137310028076	2.7703495025634792	-0.0038774670101702213	1
57.804981	2.764512300491333	2.7703495025634792	0.0021761292591691017	1
57.82528	2.764535427093506	2.7703495025634792	0.008192474953830242	1
57.841876	2.764535427093506	2.7703495025634792	0.008192474953830242	1
57.844419	2.7645270824432373	2.7703495025634792	0.003543312195688486	1
57.863103	2.7645199298858643	2.7703495025634792	0.0011740276822820306	1
57.895639	2.7645184993743896	2.7703495025634792	0.0029100135434418917	1
57.905142	2.7645184993743896	2.7703495025634792	0.0029100135434418917	1
57.922521	2.7645113468170166	2.7703495025634792	-0.002033444121479988	1
57.940771	2.7645113468170166	2.7703495025634792	-0.002033444121479988	1
57.943598	2.76450514793396	2.7703495025634792	-0.0010387914953753352	1
57.962625	2.764512538909912	2.7703495025634792	-0.0005843057879246771	1
57.993525	2.764507293701172	2.7703495025634792	0.0005556331016123295	1
58.013037	2.764507293701172	2.7703495025634792	0.0005556331016123295	1
58.022496	2.764528512954712	2.7703495025634792	0.0028988400008529425	1
58.042544	2.764528512954712	2.7703495025634792	0.0028988400008529425	1
58.045274	2.7645068168640137	2.7703495025634792	-0.0021526545751839876	1
58.065357	2.764531135559082	2.7703495025634792	0.008907733485102654	1
58.086214	2.7645204067230225	2.7703495025634792	-0.0001298218558076769	1
58.100151	2.7645273208618164	2.7703495025634792	0.007302131038159132	1
58.120415	2.7645273208618164	2.7703495025634792	0.007302131038159132	1
58.127062	2.7645151615142822	2.7703495025634792	-0.0012101581087335944	1
58.146914	2.7645151615142822	2.7703495025634792	-0.0012101581087335944	1
58.149566	2.7645199298858643	2.7703495025634792	0.0002911332412622869	1
58.168395	2.764491558074951	2.7703495025634792	-0.010441424325108528	1
58.187263	2.7645134925842285	2.7703495025634792	-0.0032031850423663855	1
58.200486	2.7645263671875	2.7703495025634792	0.0003991727717220783	1
58.218048	2.7645106315612793	2.7703495025634792	-0.0022979360073804855	1
58.227828	2.7645106315612793	2.7703495025634792	-0.0022979360073804855	1
58.242139	2.7645106315612793	2.7703495025634792	-0.0022979360073804855	1
58.262249	2.7645106315612793	2.7703495025634792	-0.004052550997585058	1
58.280886	2.7645106315612793	2.7703495025634792	-0.0013032862916588783	1
58.299825	2.764523506164551	2.7703495025634792	0.001453431905247271	1
58.312542	2.7645103931427	2.7703495025634792	-0.004033919423818588	1
58.329051	2.7645103931427	2.7703495025634792	-0.004033919423818588	1
58.335244	2.7645103931427	2.7703495025634792	-0.004033919423818588	1
58.338001	2.764530658721924	2.7703495025634792	0.009492608718574047	1
58.356596	2.764519691467285	2.7703495025634792	0.00034702091943472624	1
58.380314	2.764530897140503	2.7703495025634792	0.005603404715657234	1
58.408225	2.764525890350342	2.7703495025634792	0.0019265454029664397	1
58.425499	2.764526844024658	2.7703495025634792	-0.0003123543574474752	1
58.444372	2.764526844024658	2.7703495025634792	-0.0003123543574474752	1
58.460743	2.764526844024658	2.7703495025634792	-0.0003123543574474752	1
58.463508	2.764523983001709	2.7703495025634792	0.0058716293424367905	1
58.492486	2.764497756958008	2.7703495025634792	-0.007777830585837364	1
58.522444	2.7645204067230225	2.7703495025634792	-0.0004390080866869539	1
58.553265	2.7645204067230225	2.7703495025634792	-0.0004390080866869539	1
58.558316	2.764512062072754	2.7703495025634792	-0.0053116860799491405	1
58.593447	2.764512062072754	2.7703495025634792	-0.0053116860799491405	1
58.596051	2.7645223140716553	2.7703495025634792	0.007216467056423426	1
58.651047	2.764523983001709	2.7703495025634792	0.0018743994878605008	1
58.662729	2.764523983001709	2.7703495025634792	0.0018743994878605008	1
58.676724	2.764516592025757	2.7703495025634792	0.0006972072878852487	1
58.713411	2.7644922733306885	2.7703495025634792	-0.012192296795547009	1
58.752342	2.7644922733306885	2.7703495025634792	-0.012192296795547009	1
58.770218	2.7644922733306885	2.7703495025634792	-0.012192296795547009	1
58.777555	2.7645211219787598	2.7703495025634792	-0.0001782312465365976	1
58.795574	2.764525890350342	2.7703495025634792	0.004120755475014448	1
58.814676	2.7645063400268555	2.7703495025634792	-0.009629291482269764	1
58.845128	2.7645063400268555	2.7703495025634792	-0.009629291482269764	1
58.856851	2.764507532119751	2.7703495025634792	-0.005225996021181345	1
58.877503	2.764507532119751	2.7703495025634792	-0.005225996021181345	1
58.882054	2.7645039558410645	2.7703495025634792	-0.006682584062218666	1
58.904102	2.7645366191864014	2.7703495025634792	0.004325647372752428	1
58.924415	2.7645223140716553	2.7703495025634792	-0.0016236405353993177	1
58.943255	2.7645223140716553	2.7703495025634792	-0.0016236405353993177	1
58.959085	2.7645044326782227	2.7703495025634792	-0.009469102136790752	1
58.978572	2.7645163536071777	2.7703495025634792	-0.004026452545076609	1
58.985016	2.7645163536071777	2.7703495025634792	-0.004026452545076609	1
59.006133	2.764538049697876	2.7703495025634792	0.005927520338445902	1
59.028285	2.764533519744873	2.7703495025634792	0.0012671820586547256	1
59.047059	2.764533519744873	2.7703495025634792	0.0012671820586547256	1
59.049689	2.7645344734191895	2.7703495025634792	0.004418781027197838	1
59.083149	2.764533519744873	2.7703495025634792	0.009932207874953747	1
59.093391	2.764533519744873	2.7703495025634792	0.009932207874953747	1
59.122535	2.764535665512085	2.7703495025634792	0.0030627690721303225	1
59.156501	2.764533758163452	2.7703495025634792	0.0026269094087183475	1
59.18742	2.764533758163452	2.7703495025634792	0.0026269094087183475	1
59.191597	2.7645251750946045	2.7703495025634792	0.004616215825080872	1
59.203908	2.7645251750946045	2.7703495025634792	0.004616215825080872	1
59.219506	2.764522075653076	2.7703495025634792	-0.0018844164442270994	1
59.232373	2.7645201683044434	2.7703495025634792	0.001643432187847793	1
59.250093	2.764533758163452	2.7703495025634792	0.004500734154134989	1
59.269635	2.76452898979187	2.7703495025634792	-0.002581043867394328	1
59.287793	2.76452898979187	2.7703495025634792	-0.002581043867394328	1
59.290408	2.7645163536071777	2.7703495025634792	-0.004711911082267761	1
59.311263	2.7645163536071777	2.7703495025634792	-0.004711911082267761	1
59.315244	2.7645256519317627	2.7703495025634792	-0.0027635821606963873	1
